{
    "common": {
        "ds": [
            1735084800000000000,
            1735171200000000000,
            1735257600000000000,
            1735344000000000000,
            1735430400000000000,
            1735516800000000000,
            1735603200000000000
        ],
        "actual": [
            99299.19531,
            95795.51563,
            94164.85938,
            95163.92969,
            93530.22656,
            92643.21094,
            93429.20313
        ]
    },
    "models": {
        "AutoARIMA": {
            "predictions": {
                "mean": [
                    98566.9314830225,
                    98605.59746487325,
                    98638.93211775705,
                    98672.45904152805,
                    98705.97903117545,
                    98739.49927089746,
                    98773.0195016007
                ],
                "lo": {
                    "95": [
                        93948.25017689029,
                        93986.91615874103,
                        94020.25081162484,
                        94053.77773539584,
                        94087.29772504323,
                        94120.81796476524,
                        94154.33819546849
                    ]
                },
                "hi": {
                    "95": [
                        103185.61278915472,
                        103224.27877100547,
                        103257.61342388927,
                        103291.14034766027,
                        103324.66033730767,
                        103358.18057702968,
                        103391.70080773292
                    ]
                }
            },
            "forecast_method": "direct_forecast"
        },
        "AutoTheta": {
            "predictions": {
                "mean": [
                    98697.3782040367,
                    98443.16720042785,
                    98435.0962554872,
                    98511.47680806536,
                    98416.81058990871,
                    98702.74832232171,
                    98624.78288656904
                ],
                "lo": {
                    "95": [
                        94323.75437873538,
                        94069.54337512654,
                        94061.47243018588,
                        94137.85298276405,
                        94043.1867646074,
                        94329.1244970204,
                        94251.15906126772
                    ]
                },
                "hi": {
                    "95": [
                        103071.002029338,
                        102816.79102572915,
                        102808.7200807885,
                        102885.10063336666,
                        102790.43441521001,
                        103076.37214762301,
                        102998.40671187034
                    ]
                }
            },
            "forecast_method": "direct_forecast"
        },
        "AutoCatBoost": {
            "predictions": {
                "mean": [
                    96121.47213925801,
                    94481.40960602375,
                    90856.49193968528,
                    86314.19019713422,
                    85308.01499597065,
                    84081.49253141206,
                    79084.18452684948
                ],
                "lo": {
                    "95": [
                        64568.871348300876,
                        63558.60361946682,
                        58829.9028465077,
                        54440.03812586452,
                        53449.55198656755,
                        52311.2284100938,
                        46686.321928859994
                    ]
                },
                "hi": {
                    "95": [
                        127674.07293021514,
                        125404.21559258067,
                        122883.08103286286,
                        118188.34226840391,
                        117166.47800537373,
                        115851.75665273031,
                        111482.04712483897
                    ]
                }
            },
            "forecast_method": "direct_forecast"
        },
        "AutoLightGBM": {
            "predictions": {
                "mean": [
                    82795.70417886706,
                    80876.02670431724,
                    80107.39155283653,
                    80867.60047560958,
                    80108.90442640685,
                    80108.90442640685,
                    80444.58210163195
                ],
                "lo": {
                    "95": [
                        49862.57970357975,
                        49469.545238029925,
                        47225.018841515244,
                        48194.43856184908,
                        46084.41039242833,
                        49534.36159515444,
                        48601.253062639844
                    ]
                },
                "hi": {
                    "95": [
                        115728.82865415436,
                        112282.50817060455,
                        112989.76426415783,
                        113540.76238937008,
                        114133.39846038536,
                        110683.44725765925,
                        112287.91114062406
                    ]
                }
            },
            "forecast_method": "direct_forecast"
        },
        "AutoXGBoost": {
            "predictions": {
                "mean": [
                    97237.6015625,
                    96574.8125,
                    95797.5,
                    96421.25,
                    96256.703125,
                    96126.3125,
                    96459.2734375
                ],
                "lo": {
                    "95": [
                        66140.19077062499,
                        66672.24345690625,
                        65262.34327384374,
                        66024.4952638125,
                        66469.919360625,
                        66938.684764375,
                        65647.4605459375
                    ]
                },
                "hi": {
                    "95": [
                        128335.012354375,
                        126477.38154309374,
                        126332.65672615626,
                        126818.0047361875,
                        126043.486889375,
                        125313.94023562499,
                        127271.0863290625
                    ]
                }
            },
            "forecast_method": "direct_forecast"
        }
    }
}