{
  "top_models": [
    "AutoARIMA",
    "NHITS"
  ],
  "top_mae_scores": [
    5821.646466483697,
    5823.408707785716
  ],
  "ensemble_weights": [
    0.5000756647897174,
    0.4999243352102825
  ],
  "total_models_tested": 2,
  "pipeline_timestamp": "2025-05-28 07:46:47"
}