model_name,training_time,evaluation_method,status,mae,rmse,mape,smape
AutoARIMA,0.008534669876098633,direct_forecast,success,4020.1149892584967,4363.311222552403,4.277543732607261,4.172645334416377
AutoTheta,0.008018016815185547,direct_forecast,success,3858.421976963312,4215.684711778158,4.106963842957807,4.008713029504792
AutoCatBoost,0.009913444519042969,direct_forecast,success,6825.554957666648,7997.9937416489465,7.253034462470946,7.6396686472468005
AutoLightGBM,0.009638786315917969,direct_forecast,success,14102.432396274846,14156.24501704178,14.846125394238952,16.042476298179736
AutoXGBoost,0.009615659713745117,direct_forecast,success,2138.642854285715,2325.35217463313,2.266087460464324,2.2420743658962516