{
    "common": {
        "ds": [
            1734480000000000000,
            1734566400000000000,
            1734652800000000000,
            1734739200000000000,
            1734825600000000000,
            1734912000000000000,
            1734998400000000000,
            1735084800000000000,
            1735171200000000000,
            1735257600000000000,
            1735344000000000000,
            1735430400000000000,
            1735516800000000000,
            1735603200000000000
        ],
        "actual": [
            100041.5391,
            97490.95313,
            97755.92969,
            97224.72656,
            95104.9375,
            94686.24219,
            98676.09375,
            99299.19531,
            95795.51563,
            94164.85938,
            95163.92969,
            93530.22656,
            92643.21094,
            93429.20313
        ]
    },
    "models": {
        "NBEATSx": {
            "predictions": {
                "mean": [
                    103973.59189571626,
                    102855.53026910964,
                    102246.49913518317,
                    99893.2471227562,
                    100009.96349654393,
                    99621.81842483487,
                    98029.7169264881,
                    96526.8149606958,
                    96643.83073760103,
                    96570.77637693007,
                    97538.28907747101,
                    95457.04197273869,
                    96581.65092412243,
                    97899.36358806537
                ],
                "lo": {
                    "95": [
                        -53552489.57416149,
                        -62465912.44088091,
                        -76929427.83811817,
                        -93276258.68355712,
                        -86546418.42265633,
                        -68931135.48262212,
                        -77573547.49289538,
                        -104029171.906978,
                        -98224815.37240246,
                        -100374962.1042423,
                        -89289400.59900178,
                        -113913000.37915237,
                        -101170756.7798309,
                        -92827874.7710764
                    ]
                },
                "hi": {
                    "95": [
                        53760436.75795291,
                        62671623.50141912,
                        77133920.83638853,
                        93476045.17780262,
                        86746438.34964941,
                        69130379.11947174,
                        77769606.92674829,
                        104222225.53689939,
                        98418103.03387764,
                        100568103.65699615,
                        89484477.1771567,
                        114103914.46309783,
                        101363920.08167909,
                        93023673.49825253
                    ]
                }
            },
            "forecast_method": "direct_forecast"
        },
        "TFT": {
            "predictions": {
                "mean": [
                    105419.57337449025,
                    105444.87011336163,
                    105331.02913932502,
                    105384.94429693744,
                    105614.16280440614,
                    105892.31959879817,
                    106172.8377234377,
                    106476.80532620475,
                    106815.57147998735,
                    107177.18830566248,
                    107542.87249444332,
                    107898.85715204012,
                    108238.89435679326,
                    108562.27232015925
                ],
                "lo": {
                    "95": [
                        -72858025.08283734,
                        -95877926.52334748,
                        -108583526.49662267,
                        -120217425.09989938,
                        -116185754.56968842,
                        -121832585.12708108,
                        -134492709.46245873,
                        -140013444.9131886,
                        -150538595.59274003,
                        -160051121.91094336,
                        -180809823.7717414,
                        -185702314.85296702,
                        -220302342.6617246,
                        -237054073.12369013
                    ]
                },
                "hi": {
                    "95": [
                        73068864.22958632,
                        96088816.2635742,
                        108794188.55490129,
                        120428194.98849325,
                        116396982.89529723,
                        122044369.76627867,
                        134705055.1379056,
                        140226398.523841,
                        150752226.73569998,
                        160265476.28755468,
                        181024909.51673028,
                        185918112.56727108,
                        220518820.45043814,
                        237271197.66833046
                    ]
                }
            },
            "forecast_method": "direct_forecast"
        },
        "TSMixerx": {
            "predictions": {
                "mean": [
                    98929.57582070399,
                    96657.42250931263,
                    94327.51829093555,
                    94844.36151024792,
                    93395.3634038372,
                    93642.33143197,
                    94513.2160131731,
                    96507.29161778837,
                    98121.33428044431,
                    97309.43211338948,
                    100684.75598312821,
                    100248.75725465734,
                    104237.94225201057,
                    102659.72627937747
                ],
                "lo": {
                    "95": [
                        -137228190.36132967,
                        -156735002.85205907,
                        -154984302.0054443,
                        -167052591.6543034,
                        -166269043.76691023,
                        -183805930.24636325,
                        -195381650.85258082,
                        -172602270.6979265,
                        -180838010.25520435,
                        -182957225.64668703,
                        -153782901.5946528,
                        -198756197.33977106,
                        -200662294.96345437,
                        -228023552.15211692
                    ]
                },
                "hi": {
                    "95": [
                        137426049.51297107,
                        156928317.69707766,
                        155172957.04202616,
                        167242280.3773239,
                        166455834.49371788,
                        183993214.9092272,
                        195570677.28460717,
                        172795285.28116205,
                        181034252.9237652,
                        183151844.5109138,
                        153984271.10661906,
                        198956694.85428032,
                        200870770.8479584,
                        228228871.60467565
                    ]
                }
            },
            "forecast_method": "direct_forecast"
        },
        "iTransformer": {
            "predictions": {
                "mean": [
                    108787.58728886954,
                    109066.16776691843,
                    109040.85408070078,
                    110344.26318438863,
                    110339.61396239419,
                    111223.14691303298,
                    110250.56130684074,
                    109640.63761267718,
                    109100.89852854889,
                    109710.8787138667,
                    108990.28884853516,
                    108844.80152988993,
                    109693.49073658977,
                    110183.42721913476
                ],