{
    "common": {
        "ds": [
            1734480000000000000,
            1734566400000000000,
            1734652800000000000,
            1734739200000000000,
            1734825600000000000,
            1734912000000000000,
            1734998400000000000,
            1735084800000000000,
            1735171200000000000,
            1735257600000000000,
            1735344000000000000,
            1735430400000000000,
            1735516800000000000,
            1735603200000000000
        ],
        "actual": [
            100041.5391,
            97490.95313,
            97755.92969,
            97224.72656,
            95104.9375,
            94686.24219,
            98676.09375,
            99299.19531,
            95795.51563,
            94164.85938,
            95163.92969,
            93530.22656,
            92643.21094,
            93429.20313
        ]
    },
    "models": {
        "ETS": {
            "predictions": {
                "mean": [
                    106311.08806902563,
                    106481.84837893481,
                    106652.8829695796,
                    106824.19228151861,
                    106995.77675601807,
                    107167.63683505298,
                    107339.77296130826,
                    107512.18557817991,
                    107684.87512977609,
                    107857.84206091834,
                    108031.08681714263,
                    108204.6098447006,
                    108378.4115905607,
                    108552.49250240925
                ]
            },
            "forecast_method": "direct_forecast"
        },
        "TCN": {
            "predictions": {
                "mean": [
                    106342.3515625,
                    106367.5703125,
                    107235.96875,
                    107956.5234375,
                    108415.6875,
                    107914.7578125,
                    107819.03125,
                    107687.9140625,
                    107095.15625,
                    107569.96875,
                    107235.2578125,
                    106977.2890625,
                    107681.59375,
                    107533.640625
                ]
            },
            "forecast_method": "direct_forecast"
        },
        "Naive": {
            "predictions": {
                "mean": [
                    106140.6016,
                    100041.5391,
                    97490.95313,
                    97755.92969,
                    97224.72656,
                    95104.9375,
                    94686.24219,
                    98676.09375,
                    99299.19531,
                    95795.51563,
                    94164.85938,
                    95163.92969,
                    93530.22656,
                    92643.21094
                ]
            },
            "forecast_method": "direct_forecast"
        }
    }
}