{
    "common": {
        "ds": [
            1734480000000000000,
            1734566400000000000,
            1734652800000000000,
            1734739200000000000,
            1734825600000000000,
            1734912000000000000,
            1734998400000000000,
            1735084800000000000,
            1735171200000000000,
            1735257600000000000,
            1735344000000000000,
            1735430400000000000,
            1735516800000000000,
            1735603200000000000
        ],
        "actual": [
            100041.5391,
            97490.95313,
            97755.92969,
            97224.72656,
            95104.9375,
            94686.24219,
            98676.09375,
            99299.19531,
            95795.51563,
            94164.85938,
            95163.92969,
            93530.22656,
            92643.21094,
            93429.20313
        ]
    },
    "models": {
        "BiTCN": {
            "predictions": {
                "mean": [
                    106501.83090753574,
                    108289.9228164237,
                    108755.14441898605,
                    111391.44535976276,
                    108426.68790085334,
                    111357.21172028966,
                    113162.96276399493,
                    111222.9435448777,
                    112062.1422376642,
                    111381.40123253781,
                    112164.730173775,
                    115762.4258230878,
                    115195.1981433034,
                    113543.17082853243
                ],
                "lo": {
                    "95": [
                        -74916840.0626601,
                        -105025083.98795667,
                        -137000485.44282332,
                        -126000809.99419369,
                        -108646744.28710982,
                        -83455311.55303192,
                        -139205393.51288563,
                        -115268158.69760616,
                        -97610301.70692483,
                        -70090371.56787978,
                        -65184831.681669146,
                        -72401666.14118455,
                        -86139632.42835853,
                        -80266921.136771
                    ]
                },
                "hi": {
                    "95": [
                        75129843.72447515,
                        105241663.83358948,
                        137217995.7316613,
                        126223592.88491319,
                        108863597.6629115,
                        83678025.97647248,
                        139431719.43841356,
                        115490604.5846959,
                        97834425.99140011,
                        70313134.37034483,
                        65409161.14201669,
                        72633190.99283071,
                        86370022.8246451,
                        80494007.47842804
                    ]
                }
            },
            "forecast_method": "direct_forecast"
        },
        "NBEATSx": {
            "predictions": {
                "mean": [
                    104267.98424783861,
                    103453.20668103267,
                    102797.79066035477,
                    100484.31971874787,
                    100760.22251608549,
                    100658.67966632824,
                    99110.51698775403,
                    97444.5363578843,
                    97590.76371065015,
                    97768.45663633104,
                    98958.93992268108,
                    97191.761039095,
                    98147.83428090112,
                    99914.17144628894
                ],
                "lo": {
                    "95": [
                        -53552195.18180937,
                        -62465314.76446899,
                        -76928876.546593,
                        -93275667.61096112,
                        -86545668.16363677,
                        -68930098.62138061,
                        -77572466.69283411,
                        -104028254.1855808,
                        -98223868.43942942,
                        -100373764.42398289,
                        -89287979.94815657,
                        -113911265.66008602,
                        -101169190.59647413,
                        -92825859.96321817
                    ]
                },
                "hi": {
                    "95": [
                        53760731.15030504,
                        62672221.17783104,
                        77134472.1279137,
                        93476636.25039862,
                        86747188.60866895,
                        69131415.98071325,
                        77770687.72680956,
                        104223143.25829658,
                        98419049.9668507,
                        100569301.33725555,
                        89485897.82800192,
                        114105649.18216419,
                        101365486.26503587,
                        93025688.30611075
                    ]
                }
            },
            "forecast_method": "direct_forecast"
        },
        "TFT": {
            "predictions": {
                "mean": [
                    103640.12461220194,
                    103382.00523022097,
                    102650.10018669395,
                    101916.28009303799,
                    101346.88880204596,
                    100882.64449645206,
                    100477.416499699,
                    100132.41372248763,
                    99864.31800266681,
                    99680.84603190655,
                    99574.78953892505,
                    99529.86212395318,
                    99528.68710794486,
                    99557.18689526198
                ],
                "lo": {
                    "95": [
                        -72859804.53159964,
                        -95879989.38823062,
                        -108586207.42557529,
                        -120220893.76410328,
                        -116190021.84369078,
                        -121837594.80218343,
                        -134498404.88368246,
                        -140019789.3047923,
                        -150545546.84621736,
                        -160058618.25321713,
                        -180817791.8546969,
                        -185710683.84799513,
                        -220311052.86897346,
                        -237063078.20911503
                    ]
                },
                "hi": {
                    "95": [
                        73067084.78082404,
                        96086753.39869106,
                        108791507.62594865,
                        120424726.32428935,
                        116392715.62129487,
                        122039360.09117632,
                        134699359.71668187,
                        140220054.1322373,
                        150745275.48222268,
                        160257979.9452809,
                        181016941.43377474,
                        185909743.57224298,
                        220510110.2431893,
                        237262192.58290556
                    ]
                }
            },
            "forecast_method": "direct_forecast"
        },
        "TSMixerx": {
            "predictions": {
                "mean": [
                    108759.99136002036,
                    109043.89895391464,
                    105894.66398169938,
                    109970.93009332288,
                    108149.30503527448,
                    107308.2082397053,
                    109405.13728885632,
                    108927.05265047215,
                    113119.29510176275,
                    114123.0412286371,
                    119934.21847654134,
                    119020.19160084054,
                    123733.94908989966,
                    122026.04072534852
                ],