{
    "common": {
        "ds": [
            1734480000000000000,
            1734566400000000000,
            1734652800000000000,
            1734739200000000000,
            1734825600000000000,
            1734912000000000000,
            1734998400000000000,
            1735084800000000000,
            1735171200000000000,
            1735257600000000000,
            1735344000000000000,
            1735430400000000000,
            1735516800000000000,
            1735603200000000000
        ],
        "actual": [
            100041.5391,
            97490.95313,
            97755.92969,
            97224.72656,
            95104.9375,
            94686.24219,
            98676.09375,
            99299.19531,
            95795.51563,
            94164.85938,
            95163.92969,
            93530.22656,
            92643.21094,
            93429.20313
        ]
    },
    "models": {
        "CatBoost": {
            "predictions": {
                "mean": [
                    108558.36381370031,
                    106088.5213285466,
                    107933.18964632445,
                    107441.37189124602,
                    108719.92859256726,
                    107446.33039748778,
                    108478.39616598013,
                    112410.54661847763,
                    109557.67459080533,
                    111598.02498242403,
                    111792.86847683533,
                    113784.18120210404,
                    112022.48873545101,
                    112133.05927317127
                ],
                "lo": {
                    "95": [
                        104254.77612909941,
                        98924.78576101949,
                        100566.52473540886,
                        98801.76243407633,
                        99991.95460071784,
                        93813.33465039503,
                        93267.77938806081,
                        99831.15154295907,
                        95061.64160438352,
                        94991.88216263124,
                        95963.98898036878,
                        100485.56989168594,
                        97801.47076368163,
                        99952.33165550226
                    ]
                },
                "hi": {
                    "95": [
                        112861.9514983012,
                        113252.25689607371,
                        115299.85455724003,
                        116080.9813484157,
                        117447.90258441668,
                        121079.32614458053,
                        123689.01294389945,
                        124989.9416939962,
                        124053.70757722713,
                        128204.16780221682,
                        127621.74797330186,
                        127082.79251252214,
                        126243.5067072204,
                        124313.78689084027
                    ]
                }
            },
            "forecast_method": "direct_forecast"
        },
        "LightGBM": {
            "predictions": {
                "mean": [
                    109064.43879145829,
                    106685.95041378528,
                    108240.85146751476,
                    107773.87837361636,
                    109549.46848026417,
                    108702.28925114962,
                    109189.89717126254,
                    112998.1404741497,
                    110897.16083193442,
                    112618.20133719684,
                    112896.8349276506,
                    114993.29382826647,
                    114689.1574708266,
                    115305.7385543176
                ],
                "lo": {
                    "95": [
                        103845.43828614046,
                        99517.6868201831,
                        102370.4136541308,
                        98804.08665904781,
                        102063.63162141957,
                        97139.96591660682,
                        95281.8324169841,
                        100683.60666578385,
                        98923.00584316216,
                        97933.73039874756,
                        98907.49750546922,
                        103637.13164001156,
                        102410.2160808849,
                        105112.05552829204
                    ]
                },
                "hi": {
                    "95": [
                        114283.43929677612,
                        113854.21400738746,
                        114111.28928089872,
                        116743.67008818491,
                        117035.30533910876,
                        120264.61258569242,
                        123097.96192554095,
                        125312.67428251552,
                        122871.31582070667,
                        127302.6722756461,
                        126886.17234983198,
                        126349.45601652136,
                        126968.09886076828,
                        125499.42158034316
                    ]
                }
            },
            "forecast_method": "direct_forecast"
        },
        "XGBoost": {
            "predictions": {
                "mean": [
                    96682.65625,
                    97852.7265625,
                    96180.21875,
                    96594.65625,
                    95200.015625,
                    95482.2890625,
                    94732.734375,
                    94669.28125,
                    94434.96875,
                    95790.3359375,
                    95134.8125,
                    94939.9921875,
                    95300.34375,
                    93546.5703125
                ],
                "lo": {
                    "95": [
                        66026.7472631875,
                        64204.492190000004,
                        61479.06465081251,
                        63370.70283196875,
                        61555.54541321875,
                        65205.441303718755,
                        64969.19355706251,
                        62151.39843625,
                        62323.25458984375,
                        62226.485544749994,
                        62465.7347619375,
                        61496.242092593755,
                        63235.50946896875,
                        60613.879005406256
                    ]
                },
                "hi": {
                    "95": [
                        127338.5652368125,
                        131500.96093499998,
                        130881.3728491875,
                        129818.60966803125,
                        128844.48583678124,
                        125759.13682128124,
                        124496.2751929375,
                        127187.16406375,
                        126546.68291015625,
                        129354.18633025,
                        127803.8902380625,
                        128383.74228240622,
                        127365.17803103123,
                        126479.26161959373
                    ]
                }
            },
            "forecast_method": "direct_forecast"
        }
    }
}