{
    "common": {
        "ds": [
            1734480000000000000,
            1734566400000000000,
            1734652800000000000,
            1734739200000000000,
            1734825600000000000,
            1734912000000000000,
            1734998400000000000,
            1735084800000000000,
            1735171200000000000,
            1735257600000000000,
            1735344000000000000,
            1735430400000000000,
            1735516800000000000,
            1735603200000000000
        ],
        "actual": [
            100041.5391,
            97490.95313,
            97755.92969,
            97224.72656,
            95104.9375,
            94686.24219,
            98676.09375,
            99299.19531,
            95795.51563,
            94164.85938,
            95163.92969,
            93530.22656,
            92643.21094,
            93429.20313
        ]
    },
    "models": {
        "SARIMAX": {
            "predictions": {
                "mean": [
                    102543.60564167469,
                    99641.63462875619,
                    98028.64784998364,
                    97133.84420814649,
                    95495.67024880859,
                    94759.0283801088,
                    96840.98224297914,
                    98143.92207778798,
                    97319.82906028829,
                    96223.27982884232,
                    96747.25952499137,
                    96198.06367422064,
                    95674.356467214,
                    96527.32782999308
                ],
                "lo": {
                    "95": [
                        100622.2405916592,
                        97720.2695787407,
                        96107.28279996815,
                        95212.479158131,
                        93574.3051987931,
                        92837.6633300933,
                        94919.61719296365,
                        96222.55702777249,
                        95398.4640102728,
                        94301.91477882683,
                        94825.89447497588,
                        94276.69862420515,
                        93752.99141719851,
                        94605.96277997759
                    ]
                },
                "hi": {
                    "95": [
                        104464.97069169018,
                        101562.99967877168,
                        99950.01289999913,
                        99055.20925816198,
                        97417.03529882408,
                        96680.39343012428,
                        98762.34729299463,
                        100065.28712780347,
                        99241.19411030378,
                        98144.64487885781,
                        98668.62457500686,
                        98119.42872423613,
                        97595.7215172295,
                        98448.69288000857
                    ]
                }
            },
            "forecast_method": "direct_forecast"
        },
        "ETS": {
            "predictions": {
                "mean": [
                    106152.90465727192,
                    106170.81401144473,
                    106188.72336561754,
                    106206.63271979034,
                    106224.54207396315,
                    106242.45142813596,
                    106260.36078230877,
                    106278.27013648157,
                    106296.17949065438,
                    106314.08884482719,
                    106331.998199,
                    106349.9075531728,
                    106367.81690734561,
                    106385.72626151842
                ],
                "lo": {
                    "95": [
                        102361.32954404471,
                        102379.23889821752,
                        102397.14825239033,
                        102415.05760656313,
                        102432.96696073594,
                        102450.87631490875,
                        102468.78566908155,
                        102486.69502325436,
                        102504.60437742717,
                        102522.51373159997,
                        102540.42308577278,
                        102558.33243994559,
                        102576.2417941184,
                        102594.1511482912
                    ]
                },
                "hi": {
                    "95": [
                        109944.47977049914,
                        109962.38912467194,
                        109980.29847884475,
                        109998.20783301756,
                        110016.11718719036,
                        110034.02654136317,
                        110051.93589553598,
                        110069.84524970879,
                        110087.75460388159,
                        110105.6639580544,
                        110123.5733122272,
                        110141.48266640001,
                        110159.39202057282,
                        110177.30137474563
                    ]
                }
            },
            "forecast_method": "direct_forecast"
        },
        "Theta": {
            "predictions": {
                "mean": [
                    106301.26847876073,
                    106029.10430568838,
                    106014.667349819,
                    106094.81138131896,
                    105987.71737836681,
                    106290.21821281487,
                    106203.46479133198,
                    106372.76678059367,
                    106100.41269799834,
                    106085.95918328088,
                    106166.15025601488,
                    106058.97739722158,
                    106361.67475243556,
                    106274.85615216264
                ],
                "lo": {
                    "95": [
                        102237.04829584173,
                        101964.88412276938,
                        101950.4471669,
                        102030.59119839995,
                        101923.49719544781,
                        102225.99802989587,
                        102139.24460841298,
                        102308.54659767466,
                        102036.19251507934,
                        102021.73900036188,
                        102101.93007309588,
                        101994.75721430258,
                        102297.45456951656,
                        102210.63596924364
                    ]
                },
                "hi": {
                    "95": [
                        110365.48866167972,
                        110093.32448860737,
                        110078.887532738,
                        110159.03156423794,
                        110051.9375612858,
                        110354.43839573386,
                        110267.68497425097,
                        110436.98696351265,
                        110164.63288091733,
                        110150.17936619987,
                        110230.37043893387,
                        110123.19758014056,
                        110425.89493535455,
                        110339.07633508163
                    ]
                }
            },
            "forecast_method": "direct_forecast"
        }
    }
}