model_name,mae,rmse,rmse_mae_ratio,mase,da
ETS,11356.29565822325,11702.274201625476,1.030465792175083,6.850985166263164,35.714285714285715
TCN,11344.724884107143,11614.886313958279,1.023813837057398,6.844004791304871,35.714285714285715
Naive,1859.8130592857144,2464.5912859978007,1.3251822669448075,1.1219813277723718,0.0
