model_name,training_time,evaluation_method,status,mae,mase,rmse,da,theil_u
AutoETS,0.014549016952514648,direct_forecast,success,11356.29565822325,6.80411550713029,11702.274201625476,38.46153846153847,6.265253892456454
BiTCN,0.015209674835205078,direct_forecast,success,11344.724884107143,6.7971828870257855,11614.886313958279,38.46153846153847,6.21682377230984
Naive,0.014742374420166016,direct_forecast,success,1859.8130592857144,1.1143055145703382,2464.5912859978002,0.0,1.0
