{
  "common": {
    "ds": [
      1647907200000000000,
      1647993600000000000,
      1648080000000000000,
      1648166400000000000,
      1648252800000000000,
      1648339200000000000,
      1648425600000000000,
      1648512000000000000,
      1648598400000000000,
      1648684800000000000,
      1648771200000000000,
      1648857600000000000,
      1648944000000000000,
      1649030400000000000,
      1649116800000000000,
      1649203200000000000,
      1649289600000000000,
      1649376000000000000,
      1649462400000000000,
      1649548800000000000
    ],
    "actual": [
      1075.5191415269467,
      1061.3186563158497,
      1051.4067870478334,
      1007.2820126987207,
      1020.5645537859714,
      1014.4936596693547,
      1063.0880919557303,
      1057.449221944665,
      1015.8588008001839,
      1099.1353832108048,
      1009.7876457012549,
      1071.2958427611084,
      1087.630984251787,
      1067.3174929430843,
      1023.9314191138503,
      1080.8463584954154,
      1063.78162037402,
      1091.475089206355,
      1022.6148875672422,
      1019.353537040513
    ]
  },
  "models": {
    "NHITS": {
      "predictions": {
        "mean": [
          1074.622986653687,
          1062.246726361265,
          1077.500178272737,
          1054.2763784997621,
          1060.4216415091973,
          1058.1713050458245,
          1056.2405346949386,
          1059.5641935941053,
          1057.153582916287,
          1050.054832020259,
          1047.6794641393237,
          1045.137080104049,
          1038.8513172520563,
          1041.5472449712167,
          1032.2728125997457,
          1047.4570403227194,
          1034.3763506690048,
          1015.8154765362787,
          1026.1424767017804,
          1028.9699288947593
        ],
        "lo": {
          "80": [
            1066.622986653687,
            1054.246726361265,
            1069.500178272737,
            1046.2763784997621,
            1052.4216415091973,
            1050.1713050458245,
            1048.2405346949386,
            1051.5641935941053,
            1049.153582916287,
            1042.054832020259,
            1039.6794641393237,
            1037.137080104049,
            1030.8513172520563,
            1033.5472449712167,
            1024.2728125997457,
            1039.4570403227194,
            1026.3763506690048,
            1007.8154765362787,
            1018.1424767017804,
            1020.9699288947593
          ]
        },
        "hi": {
          "80": [
            1082.622986653687,
            1070.246726361265,
            1085.500178272737,
            1062.2763784997621,
            1068.4216415091973,
            1066.1713050458245,
            1064.2405346949386,
            1067.5641935941053,
            1065.153582916287,
            1058.054832020259,
            1055.6794641393237,
            1053.137080104049,
            1046.8513172520563,
            1049.5472449712167,
            1040.2728125997457,
            1055.4570403227194,
            1042.3763506690048,
            1023.8154765362787,
            1034.1424767017804,
            1036.9699288947593
          ]
        }
      },
      "forecast_method": "direct_forecast"
    },
    "AutoARIMA": {
      "predictions": {
        "mean": [
          1073.4856304075927,
          1062.8491391539521,
          1072.7406207367706,
          1084.4964299270016,
          1069.2174651222206,
          1067.929136456678,
          1056.2798058807582,
          1074.1741333811763,
          1046.1686986182408,
          1061.149234470928,
          1054.3989186779752,
          1039.5536004337534,
          1039.9495328286223,
          1045.5619487112951,
          1039.4417510133392,
          1044.5656052532686,
          1029.424114898853,
          1031.232741668134,
          1019.6928380568104,
          1028.960116003491
        ],
        "lo": {
          "90": [
            1063.4856304075927,
            1052.8491391539521,
            1062.7406207367706,
            1074.4964299270016,
            1059.2174651222206,
            1057.929136456678,
            1046.2798058807582,
            1064.1741333811763,
            1036.1686986182408,
            1051.149234470928,
            1044.3989186779752,
            1029.5536004337534,
            1029.9495328286223,
            1035.5619487112951,
            1029.4417510133392,
            1034.5656052532686,
            1019.4241148988531,
            1021.2327416681339,
            1009.6928380568104,
            1018.9601160034911
          ]
        },
        "hi": {
          "90": [
            1083.4856304075927,
            1072.8491391539521,
            1082.7406207367706,
            1094.4964299270016,
            1079.2174651222206,
            1077.929136456678,
            1066.2798058807582,
            1084.1741333811763,
            1056.1686986182408,
            1071.149234470928,
            1064.3989186779752,
            1049.5536004337534,
            1049.9495328286223,
            1055.5619487112951,
            1049.4417510133392,
            1054.5656052532686,
            1039.424114898853,
            1041.232741668134,
            1029.6928380568104,
            1038.960116003491
          ]
        }
      },
      "forecast_method": "direct_forecast"
    }
  }
}