{
  "top_models": [
    "AutoETS",
    "AutoARIMA",
    "LSTM",
    "NHITS",
    "NBEATS"
  ],
  "top_mae_scores": [
    1843.252865757787,
    1957.6587620741075,
    2373.2987352380947,
    3409.051339642857,
    3697.8426347619056
  ],
  "ensemble_weights": [
    0.2661426478838099,
    0.25058922827410907,
    0.20670309688720387,
    0.14390167513980348,
    0.13266335181507383
  ],
  "total_models_tested": 5,
  "pipeline_timestamp": "20250525_041138"
}