{
  "top_models": [
    "LSTM",
    "NHITS",
    "AutoARIMA",
    "AutoETS",
    "NBEATS"
  ],
  "top_mae_scores": [
    5403.923363214284,
    5702.736979047617,
    5721.720503019554,
    5763.08179810233,
    6191.071056666666
  ],
  "ensemble_weights": [
    0.21264847940739479,
    0.20150606458681938,
    0.20083750777675574,
    0.19939610893602108,
    0.18561183929300898
  ],
  "total_models_tested": 5,
  "pipeline_timestamp": "20250525_045356"
}