model_name,mae,rmse,mase,da,theil_u,training_time
TFT,7293.479828219404,12858.333137726047,4.573140815773798,51.45954962468724,10.224222892132726,25473.584171533585
SARIMAX,6248.715153893295,10453.476747947068,3.9180548914180178,55.713094245204346,8.312128703924248,6130.922862768173
ETS,4871.872657758901,6889.927117973298,3.054750300980661,51.626355296080064,5.478318938281315,1532.7307156920433
Theta,7609.541869609538,13791.938752194937,4.771317304341791,52.293577981651374,10.966568996729398,2554.551192820072
TSMixerx,5843.906849652434,8330.56561553443,3.664232926829132,51.54295246038365,6.623891499235235,2905.878610789776
iTransformer,5834.709504298297,9212.274714234587,3.6584660286644133,52.960800667222685,7.324858786417351,7264.69652697444
TCN,5928.447094018998,8045.588155422855,3.7172411548895377,50.79232693911593,6.397247324152621,4358.817916184664
