model_name,mae,rmse,mape,smape,da,theil_u,training_time,status,error
AutoNBEATSx,38340.95654208756,96160.05286898935,90.03520806760721,59.33415267428003,49.9582985821518,76.43029098691105,,,
AutoTSMixerx,5999.664184101778,8769.466883550112,14.335752932697366,14.320299834957872,52.543786488740615,6.970180295376738,,,
AutoiTransformer,6157.530674154608,8755.234779378256,15.32971216593124,15.478278276858926,52.04336947456214,6.958868281388009,,,
AutoBiTCN,5123.499388290282,7195.777960045502,13.546685174150982,14.29106982053411,52.877397831526274,5.719375010252728,,,
AutoARIMA,6868.210601976996,9452.118348618544,17.570308534444425,17.23072418076783,,,4005.155749320984,success,
AutoETS,4871.872657758901,6889.927117973298,12.978496033440878,12.6238637071975,,,4005.155749320984,success,
AutoTheta,7609.541869609538,13791.938752194936,17.661614672058732,18.677768672990467,,,4005.155749320984,success,
