model_name,training_time,status,error,mae,rmse,mape,smape
AutoBiTCN,2811.5830616354942,success,,6756.949987044792,8825.501006018405,17.152700293906513,17.171483543985982
AutoNBEATSx,2811.5830616354942,success,,6142.505925271615,8763.071839009433,15.66648266702692,15.90895022941568
AutoTSMixerx,2811.5830616354942,success,,6828.387639173698,9080.536318606291,19.26171684718734,19.3943236647684
AutoiTransformer,2811.5830616354942,success,,6049.78759104948,8204.867477798525,15.461153736653277,15.309287106116946
AutoARIMA,1579.1425472895305,success,,3394.5397353071885,4835.346215515448,9.214258948027874,9.3229927832267
AutoETS,1579.1425472895305,success,,4932.993254967497,6988.549573937613,12.76619114294795,13.173913787749642
AutoTheta,1579.1425472895305,success,,4737.708473031919,6646.490328962793,12.209683446206432,12.472865485320686
