model_name,training_time,status,error,mae,rmse,mape,smape
AutoBiTCN,2811.5830616354942,success,,6756.949987044792,8825.501006018405,17.152700293906513,17.171483543985982
AutoNBEATSx,2811.5830616354942,success,,6142.505925271615,8763.071839009433,15.666482667026921,15.90895022941568
AutoTSMixerx,2811.5830616354942,success,,6828.387639173698,9080.536318606293,19.26171684718734,19.3943236647684
AutoiTransformer,2811.5830616354942,success,,6049.7875910494795,8204.867477798525,15.461153736653277,15.309287106116946
