model_name,training_time,status,error,mae,rmse,mape,smape
AutoARIMA,1579.1425472895305,success,,3394.5397353071885,4835.346215515448,9.214258948027874,9.322992783226699
AutoETS,1579.1425472895305,success,,4932.993254967497,6988.549573937613,12.76619114294795,13.173913787749642
AutoTheta,1579.1425472895305,success,,4737.708473031919,6646.490328962793,12.209683446206432,12.472865485320686
