model_name,mae,rmse,mape,smape,da,theil_u
AutoNBEATSx,38340.95654208756,96160.05286898937,90.03520806760721,59.33415267428003,49.9582985821518,76.43029098691105
AutoTSMixerx,5999.664184101778,8769.466883550112,14.335752932697366,14.320299834957872,52.543786488740615,6.970180295376738
AutoiTransformer,6157.530674154608,8755.234779378256,15.329712165931241,15.478278276858926,52.04336947456214,6.958868281388009
AutoBiTCN,5123.499388290282,7195.777960045502,13.546685174150982,14.29106982053411,52.877397831526274,5.719375010252728
