model_name,training_time,status,error,mae,rmse,mape,smape
TCN,4358.817916184664,success,,5928.447094018998,8045.588155422855,14.690375463197247,15.5548641007202
TSMixerx,2905.878610789776,success,,5843.906849652434,8330.56561553443,15.302783706732844,14.97633249300874
iTransformer,7264.69652697444,success,,5834.709504298297,9212.274714234589,14.642482678400516,14.357634765658547
TFT,25473.584171533585,success,,7293.479828219404,12858.333137726047,17.956218131479268,17.459716280118176
SARIMAX,6130.9228627681725,success,,6248.715153893295,10453.476747947068,13.841777613596634,14.00956229711986
ETS,1532.7307156920433,success,,4871.872657758901,6889.927117973298,12.978496033440878,12.6238637071975
Theta,2554.551192820072,success,,7609.541869609538,13791.938752194936,17.661614672058732,18.677768672990467
