model_name,training_time,status,error,mae,rmse,mape,smape
TCN,4843.13101798296,success,,5928.447094018998,8045.588155422855,14.690375463197247,15.5548641007202
TSMixerx,4843.13101798296,success,,5843.906849652434,8330.56561553443,15.302783706732844,14.97633249300874
iTransformer,4843.13101798296,success,,5834.709504298297,9212.274714234587,14.642482678400517,14.357634765658547
TFT,25473.584171533585,success,,7293.479828219404,12858.333137726047,17.956218131479268,17.459716280118176