model_name,mae,rmse,rmse_mae_ratio,mase,da,training_time
TFT,7293.479828219404,12858.333137726047,1.7629901556696592,4.573140815773798,51.450564971751405,25473.584171533585
SARIMAX,6248.715153893295,10453.476747947068,1.672900186758229,3.9180548914180178,55.71610169491527,6130.922862768173
ETS,4871.872657758901,6889.927117973298,1.414225617535479,3.054750300980661,51.61723163841808,1532.7307156920433
Theta,7609.541869609538,13791.938752194937,1.812453231550802,4.771317304341791,52.28389830508475,2554.551192820072
TSMixerx,5843.906849652434,8330.56561553443,1.4255130736777382,3.664232926829132,51.533898305084755,2905.878610789776
iTransformer,5834.709504298297,9212.274714234587,1.5788746136286844,3.6584660286644133,52.95056497175142,7264.69652697444
TCN,5928.447094018998,8045.588155422855,1.3571156203012704,3.7172411548895377,50.78389830508475,4358.817916184664
