model_name,training_time,status,error,mae,rmse,mape,smape
AutoARIMA,4005.155749320984,success,,6868.210601976996,9452.118348618545,17.570308534444425,17.23072418076783
AutoETS,4005.155749320984,success,,4871.872657758901,6889.927117973298,12.978496033440878,12.623863707197499
AutoTheta,4005.155749320984,success,,7609.541869609538,13791.938752194937,17.661614672058732,18.677768672990467
