{
    "common": {
        "ds": [
            1733097600000000000,
            1733184000000000000,
            1733270400000000000,
            1733356800000000000,
            1733443200000000000,
            1733529600000000000,
            1733616000000000000,
            1733702400000000000,
            1733788800000000000,
            1733875200000000000,
            1733961600000000000,
            1734048000000000000,
            1734134400000000000,
            1734220800000000000,
            1734307200000000000,
            1734393600000000000,
            1734480000000000000,
            1734566400000000000,
            1734652800000000000,
            1734739200000000000,
            1734825600000000000,
            1734912000000000000,
            1734998400000000000,
            1735084800000000000,
            1735171200000000000,
            1735257600000000000,
            1735344000000000000,
            1735430400000000000,
            1735516800000000000,
            1735603200000000000
        ],
        "actual": [
            95865.30469,
            96002.16406,
            98768.53125,
            96593.57031,
            99920.71094,
            99923.33594,
            101236.0156,
            97432.71875,
            96675.42969,
            101173.0313,
            100043.0,
            101459.2578,
            101372.9688,
            104298.6953,
            106029.7188,
            106140.6016,
            100041.5391,
            97490.95313,
            97755.92969,
            97224.72656,
            95104.9375,
            94686.24219,
            98676.09375,
            99299.19531,
            95795.51563,
            94164.85938,
            95163.92969,
            93530.22656,
            92643.21094,
            93429.20313
        ]
    },
    "models": {
        "CatBoost": {
            "predictions": {
                "mean": [
                    95216.80970272709,
                    94459.69175563678,
                    97313.17476767217,
                    97376.12164400094,
                    98809.20511701581,
                    98253.51753197853,
                    98599.58929778701,
                    93778.07735635877,
                    92917.10164483899,
                    95945.09532089233,
                    96292.67767132493,
                    98124.86479184058,
                    97620.28418158535,
                    99066.4578729001,
                    96200.11429486099,
                    95142.67618285022,
                    97289.21986039868,
                    96372.69571685871,
                    97504.41924392286,
                    96584.04942160129,
                    97330.72000309199,
                    93980.93754951423,
                    93882.07831432705,
                    96760.6752227087,
                    96368.04560518054,
                    97504.56051120766,
                    97585.81371111325,
                    98658.81624876204,
                    94918.36074747801,
                    95145.94786170038
                ],
                "lo": {
                    "95": [
                        93179.47038700628,
                        91720.03063352764,
                        94639.37262716613,
                        94042.14879345187,
                        94728.64505540366,
                        93600.60128695099,
                        93609.18492903686,
                        89059.71224318822,
                        86226.02042775348,
                        89607.61648073558,
                        88796.737530448,
                        90814.39678105252,
                        88625.33492952945,
                        89275.38108836302,
                        84060.24356446318,
                        83432.571253702,
                        86492.3959183481,
                        86203.79779590026,
                        87815.3471979038,
                        85253.2144270647,
                        85750.46718994001,
                        79461.61323184487,
                        80396.40295394076,
                        84379.07156373645,
                        85210.78078819593,
                        82875.69530802278,
                        81382.66246752934,
                        82185.01558162773,
                        80271.04106058035,
                        78386.73717517368
                    ]
                },
                "hi": {
                    "95": [
                        97254.14901844789,
                        97199.35287774591,
                        99986.97690817821,
                        100710.09449455002,
                        102889.76517862796,
                        102906.43377700608,
                        103589.99366653715,
                        98496.44246952931,
                        99608.18286192448,
                        102282.57416104907,
                        103788.61781220185,
                        105435.33280262862,
                        106615.23343364123,
                        108857.53465743715,
                        108339.98502525881,
                        106852.78111199844,
                        108086.04380244923,
                        106541.59363781715,
                        107193.49128994191,
                        107914.88441613785,
                        108910.97281624394,
                        108500.26186718358,
                        107367.75367471333,
                        109142.27888168093,
                        107525.31042216514,
                        112133.42571439254,
                        113788.96495469715,
                        115132.61691589635,
                        109565.68043437567,
                        111905.15854822706
                    ]
                }
            },
            "forecast_method": "direct_forecast"
        },
        "LightGBM": {
            "predictions": {
                "mean": [
                    93978.7107322998,
                    93073.28917110032,
                    95871.75879883059,
                    96841.00406095263,
                    97977.23739581779,
                    96729.16158122274,
                    96879.4561234993,
                    92211.22960088338,
                    90643.21712409204,
                    93254.42147930728,
                    93929.17619823199,
                    95179.64094344545,
                    94216.3234208368,
                    94955.99425039583,
                    90859.95707648213,
                    89403.93452659491,
                    91646.15691461336,
                    91327.39352235371,
                    92220.46297262161,
                    90666.39837048188,
                    91237.52194934277,
                    87093.37482799382,
                    85899.91562520119,
                    88731.62868333147,
                    89112.45593289996,
                    90168.0064225028,
                    89493.91950087134,
                    90087.01313407371,
                    85787.80654956835,
                    84749.88794384533
                ],