{
    "common": {
        "ds": [
            1733097600000000000,
            1733184000000000000,
            1733270400000000000,
            1733356800000000000,
            1733443200000000000,
            1733529600000000000,
            1733616000000000000,
            1733702400000000000,
            1733788800000000000,
            1733875200000000000,
            1733961600000000000,
            1734048000000000000,
            1734134400000000000,
            1734220800000000000,
            1734307200000000000,
            1734393600000000000,
            1734480000000000000,
            1734566400000000000,
            1734652800000000000,
            1734739200000000000,
            1734825600000000000,
            1734912000000000000,
            1734998400000000000,
            1735084800000000000,
            1735171200000000000,
            1735257600000000000,
            1735344000000000000,
            1735430400000000000,
            1735516800000000000,
            1735603200000000000
        ],
        "actual": [
            95865.30469,
            96002.16406,
            98768.53125,
            96593.57031,
            99920.71094,
            99923.33594,
            101236.0156,
            97432.71875,
            96675.42969,
            101173.0313,
            100043.0,
            101459.2578,
            101372.9688,
            104298.6953,
            106029.7188,
            106140.6016,
            100041.5391,
            97490.95313,
            97755.92969,
            97224.72656,
            95104.9375,
            94686.24219,
            98676.09375,
            99299.19531,
            95795.51563,
            94164.85938,
            95163.92969,
            93530.22656,
            92643.21094,
            93429.20313
        ]
    },
    "models": {
        "ETS": {
            "predictions": {
                "mean": [
                    97433.89242616532,
                    97588.23991135774,
                    97742.83190229237,
                    97897.66878629694,
                    98052.75095131274,
                    98208.0787858956,
                    98363.65267921686,
                    98519.47302106435,
                    98675.54020184345,
                    98831.85461257788,
                    98988.41664491087,
                    99145.22669110603,
                    99302.28514404841,
                    99459.59239724533,
                    99617.14884482758,
                    99774.95488155028,
                    99933.01090279386,
                    100091.3173045651,
                    100249.87448349815,
                    100408.68283685535,
                    100567.7427625285,
                    100727.05465903967,
                    100886.61892554213,
                    101046.43596182163,
                    101206.5061682971,
                    101366.82994602183,
                    101527.40769668443,
                    101688.23982260986,
                    101849.32672676037,
                    102010.66881273655
                ]
            },
            "forecast_method": "direct_forecast"
        },
        "TCN": {
            "predictions": {
                "mean": [
                    97821.5625,
                    98268.7890625,
                    98581.375,
                    98886.1015625,
                    99300.5625,
                    100228.1484375,
                    100693.0,
                    101096.5390625,
                    101931.9140625,
                    102583.921875,
                    103347.921875,
                    104002.6796875,
                    104706.828125,
                    105187.859375,
                    105816.375,
                    106770.015625,
                    106982.4453125,
                    107481.640625,
                    108329.9765625,
                    108685.421875,
                    109025.4296875,
                    109192.9375,
                    109720.0625,
                    110145.140625,
                    111045.3515625,
                    111412.1484375,
                    112447.015625,
                    113210.9453125,
                    113736.25,
                    114669.609375
                ]
            },
            "forecast_method": "direct_forecast"
        },
        "Naive": {
            "predictions": {
                "mean": [
                    97279.78906,
                    95865.30469,
                    96002.16406,
                    98768.53125,
                    96593.57031,
                    99920.71094,
                    99923.33594,
                    101236.0156,
                    97432.71875,
                    96675.42969,
                    101173.0313,
                    100043.0,
                    101459.2578,
                    101372.9688,
                    104298.6953,
                    106029.7188,
                    106140.6016,
                    100041.5391,
                    97490.95313,
                    97755.92969,
                    97224.72656,
                    95104.9375,
                    94686.24219,
                    98676.09375,
                    99299.19531,
                    95795.51563,
                    94164.85938,
                    95163.92969,
                    93530.22656,
                    92643.21094
                ]
            },
            "forecast_method": "direct_forecast"
        }
    }
}