{
    "common": {
        "ds": [
            1733097600000000000,
            1733184000000000000,
            1733270400000000000,
            1733356800000000000,
            1733443200000000000,
            1733529600000000000,
            1733616000000000000,
            1733702400000000000,
            1733788800000000000,
            1733875200000000000,
            1733961600000000000,
            1734048000000000000,
            1734134400000000000,
            1734220800000000000,
            1734307200000000000,
            1734393600000000000,
            1734480000000000000,
            1734566400000000000,
            1734652800000000000,
            1734739200000000000,
            1734825600000000000,
            1734912000000000000,
            1734998400000000000,
            1735084800000000000,
            1735171200000000000,
            1735257600000000000,
            1735344000000000000,
            1735430400000000000,
            1735516800000000000,
            1735603200000000000
        ],
        "actual": [
            95865.30469,
            96002.16406,
            98768.53125,
            96593.57031,
            99920.71094,
            99923.33594,
            101236.0156,
            97432.71875,
            96675.42969,
            101173.0313,
            100043.0,
            101459.2578,
            101372.9688,
            104298.6953,
            106029.7188,
            106140.6016,
            100041.5391,
            97490.95313,
            97755.92969,
            97224.72656,
            95104.9375,
            94686.24219,
            98676.09375,
            99299.19531,
            95795.51563,
            94164.85938,
            95163.92969,
            93530.22656,
            92643.21094,
            93429.20313
        ]
    },
    "models": {
        "AutoARIMA": {
            "predictions": {
                "mean": [
                    96603.14611224091,
                    96013.4405439389,
                    97346.70487023648,
                    96408.44884975729,
                    97815.2708049989,
                    98257.86688124604,
                    98970.71996676951,
                    96829.87125375819,
                    95741.81132171491,
                    97432.60814582476,
                    97481.02969877044,
                    98188.41793606676,
                    98478.44340190799,
                    100122.53368977924,
                    101400.99675618808,
                    102015.53230275984,
                    98489.46457680863,
                    95633.12109099716,
                    94036.08464334962,
                    93091.34880104147,
                    91448.09105325837,
                    90715.87857145295,
                    92750.50857748021,
                    94038.71023862167,
                    93215.57312609386,
                    92148.97162340599,
                    92624.5616450814,
                    92081.33589193202,
                    91569.11254232805,
                    92377.63685936616
                ],
                "lo": {
                    "95": [
                        93075.78723763632,
                        92486.08166933431,
                        93819.3459956319,
                        92881.0899751527,
                        94287.91193039432,
                        94730.50800664145,
                        95443.36109216492,
                        93302.5123791536,
                        92214.45244711032,
                        93905.24927122018,
                        93953.67082416585,
                        94661.05906146218,
                        94951.0845273034,
                        96595.17481517466,
                        97873.63788158349,
                        98488.17342815525,
                        94962.10570220405,
                        92105.76221639257,
                        90508.72576874503,
                        89563.98992643689,
                        87920.73217865378,
                        87188.51969684837,
                        89223.14970287563,
                        90511.35136401709,
                        89688.21425148928,
                        88621.6127488014,
                        89097.20277047681,
                        88553.97701732743,
                        88041.75366772346,
                        88850.27798476157
                    ]
                },
                "hi": {
                    "95": [
                        100130.5049868455,
                        99540.79941854348,
                        100874.06374484107,
                        99935.80772436188,
                        101342.62967960349,
                        101785.22575585062,
                        102498.0788413741,
                        100357.23012836277,
                        99269.1701963195,
                        100959.96702042935,
                        101008.38857337502,
                        101715.77681067135,
                        102005.80227651258,
                        103649.89256438383,
                        104928.35563079266,
                        105542.89117736442,
                        102016.82345141322,
                        99160.47996560174,
                        97563.4435179542,
                        96618.70767564606,
                        94975.44992786295,
                        94243.23744605754,
                        96277.8674520848,
                        97566.06911322626,
                        96742.93200069845,
                        95676.33049801057,
                        96151.92051968598,
                        95608.6947665366,
                        95096.47141693263,
                        95904.99573397075
                    ]
                }
            },
            "forecast_method": "direct_forecast"
        },
        "AutoETS": {
            "predictions": {
                "mean": [
                    97269.57259383413,
                    97286.5909427925,
                    97303.6092917509,
                    97320.62764070927,
                    97337.64598966765,
                    97354.66433862603,
                    97371.68268758441,
                    97388.7010365428,
                    97405.71938550117,
                    97422.73773445956,
                    97439.75608341793,
                    97456.77443237632,
                    97473.79278133469,
                    97490.81113029308,
                    97507.82947925145,
                    97524.84782820984,
                    97541.86617716822,
                    97558.8845261266,
                    97575.90287508498,
                    97592.92122404336,
                    97609.93957300174,
                    97626.95792196011,
                    97643.9762709185,
                    97660.99461987689,
                    97678.01296883526,
                    97695.03131779365,
                    97712.04966675202,
                    97729.0680157104,
                    97746.08636466878,
                    97763.10471362717
                ],