{
    "common": {
        "ds": [
            1733097600000000000,
            1733184000000000000,
            1733270400000000000,
            1733356800000000000,
            1733443200000000000,
            1733529600000000000,
            1733616000000000000,
            1733702400000000000,
            1733788800000000000,
            1733875200000000000,
            1733961600000000000,
            1734048000000000000,
            1734134400000000000,
            1734220800000000000,
            1734307200000000000,
            1734393600000000000,
            1734480000000000000,
            1734566400000000000,
            1734652800000000000,
            1734739200000000000,
            1734825600000000000,
            1734912000000000000,
            1734998400000000000,
            1735084800000000000,
            1735171200000000000,
            1735257600000000000,
            1735344000000000000,
            1735430400000000000,
            1735516800000000000,
            1735603200000000000
        ],
        "actual": [
            95865.30469,
            96002.16406,
            98768.53125,
            96593.57031,
            99920.71094,
            99923.33594,
            101236.0156,
            97432.71875,
            96675.42969,
            101173.0313,
            100043.0,
            101459.2578,
            101372.9688,
            104298.6953,
            106029.7188,
            106140.6016,
            100041.5391,
            97490.95313,
            97755.92969,
            97224.72656,
            95104.9375,
            94686.24219,
            98676.09375,
            99299.19531,
            95795.51563,
            94164.85938,
            95163.92969,
            93530.22656,
            92643.21094,
            93429.20313
        ]
    },
    "models": {
        "AutoARIMA": {
            "predictions": {
                "mean": [
                    96454.00109303826,
                    95951.39462866861,
                    97020.86933582212,
                    96178.5098223639,
                    97420.66989236284,
                    97968.76943584392,
                    98849.18088133894,
                    96905.147122008,
                    95809.73596554942,
                    97455.58681715096,
                    97485.18637999096,
                    98246.10584764398,
                    98589.82366380854,
                    100232.31197051195,
                    101651.84488695327,
                    102345.79523107978,
                    98759.00247643968,
                    96119.60532068237,
                    94644.25797541131,
                    93577.67539316276,
                    91901.22573882781,
                    91188.73621403698,
                    93343.70984530316,
                    94754.29283107148,
                    93810.8949461649,
                    92825.24470246995,
                    93160.182356594,
                    92532.27575401572,
                    91827.94131227236,
                    92364.67113624551
                ],
                "lo": {
                    "95": [
                        93045.94387229077,
                        92543.33740792112,
                        93612.81211507463,
                        92770.45260161642,
                        94012.61267161535,
                        94560.71221509643,
                        95441.12366059145,
                        93497.08990126051,
                        92401.67874480193,
                        94047.52959640347,
                        94077.12915924347,
                        94838.04862689649,
                        95181.76644306105,
                        96824.25474976446,
                        98243.78766620578,
                        98937.7380103323,
                        95350.94525569219,
                        92711.54809993488,
                        91236.20075466382,
                        90169.61817241527,
                        88493.16851808032,
                        87780.67899328949,
                        89935.65262455567,
                        91346.23561032399,
                        90402.83772541741,
                        89417.18748172246,
                        89752.12513584651,
                        89124.21853326823,
                        88419.88409152487,
                        88956.61391549802
                    ]
                },
                "hi": {
                    "95": [
                        99862.05831378575,
                        99359.4518494161,
                        100428.92655656961,
                        99586.5670431114,
                        100828.72711311033,
                        101376.82665659141,
                        102257.23810208643,
                        100313.20434275549,
                        99217.79318629691,
                        100863.64403789846,
                        100893.24360073845,
                        101654.16306839147,
                        101997.88088455603,
                        103640.36919125944,
                        105059.90210770076,
                        105753.85245182728,
                        102167.05969718717,
                        99527.66254142986,
                        98052.3151961588,
                        96985.73261391025,
                        95309.2829595753,
                        94596.79343478447,
                        96751.76706605066,
                        98162.35005181897,
                        97218.9521669124,
                        96233.30192321744,
                        96568.23957734149,
                        95940.33297476321,
                        95235.99853301985,
                        95772.728356993
                    ]
                }
            },
            "forecast_method": "rolling_forecast"
        },
        "AutoETS": {
            "predictions": {
                "mean": [
                    97269.57259383413,
                    97286.5909427925,
                    97303.6092917509,
                    97320.62764070927,
                    97337.64598966765,
                    97354.66433862603,
                    97371.68268758441,
                    97388.7010365428,
                    97405.71938550117,
                    97422.73773445956,
                    97439.75608341793,
                    97456.77443237632,
                    97473.79278133469,
                    97490.81113029308,
                    97507.82947925145,
                    97524.84782820984,
                    97541.86617716822,
                    97558.8845261266,
                    97575.90287508498,
                    97592.92122404336,
                    97609.93957300174,
                    97626.95792196011,
                    97643.9762709185,
                    97660.99461987689,
                    97678.01296883526,
                    97695.03131779365,
                    97712.04966675202,
                    97729.0680157104,
                    97746.08636466878,
                    97763.10471362717
                ],