model_name,mae,rmse,rmse_mae_ratio,mase,da
ETS,3639.83038286369,4445.520621736747,1.2213537868869506,2.2078748587722052,46.666666666666664
TCN,7683.122651333335,10384.155140931109,1.3515539985723168,4.660484570546371,53.333333333333336
Naive,1787.6966136666665,2326.373937949608,1.3013247998373079,1.0843940495165252,0.0
