model_name,training_time,evaluation_method,status,mae,mase,rmse,da,theil_u
AutoETS,0.014776468276977539,direct_forecast,success,3639.83038286369,2.180801477586887,4445.520621736747,48.275862068965516,1.9188127247090772
BiTCN,0.01554417610168457,direct_forecast,success,7683.122651333334,4.603336822889666,10384.155140931109,55.172413793103445,4.488767709128767
Naive,0.015365362167358398,direct_forecast,success,1787.6966136666665,1.071097003562581,2326.3739379496083,0.0,1.0
