model_name,training_time,status,error,mae,rmse,mape,smape
AutoCatBoost,329.92320315043133,success,,98.58214857000466,129.28261849293665,0.8823706508951362,0.879392300891336
AutoLightGBM,329.92320315043133,success,,424.2669127018096,1694.596513432753,2.8947870939441884,2.5578156543552173
AutoXGBoost,329.92320315043133,success,,95.14574088414435,181.50679332072858,0.6019931013477068,0.6001025016961964
