model_name,framework,training_time,is_auto,mae,mse,rmse,mape,smape,directional_accuracy,coverage_80,coverage_90,n_predictions,error,status
NHITS,neuralforecast,6.267415761947632,False,3409.051339642857,25513962.85655482,5051.134808788498,0.04938277502040965,0.023585923631214804,0.3,,,21.0,,
NBEATS,neuralforecast,7.459683179855347,False,3697.8426347619056,29650880.783685286,5445.262232774955,0.053531369515150834,0.025448811583560393,0.55,,,21.0,,
LSTM,neuralforecast,9.889616012573242,False,2373.2987352380947,7515003.618906302,2741.3506924336225,0.03454644167417139,0.01753136782175754,0.45,,,21.0,,
AutoARIMA,statsforecast,38.89992666244507,True,1957.6587620741075,6524157.378119324,2554.2430146952197,0.028253648562610388,0.014009759767134417,0.2,,,21.0,,
AutoETS,statsforecast,6.8179614543914795,True,1843.252865757787,5833328.698494633,2415.228498195281,0.026604428077378155,0.013208467216668315,0.4,,,21.0,,
RandomWalkWithDrift,statsforecast,,,,,,,,,,,,'RandomWalkWithDrift',failed
