model_name,framework,training_time,evaluation_method,is_auto,mae,mse,rmse,mape,smape,directional_accuracy,coverage_80,coverage_90,n_predictions,error,status,mae_rank,rmse_rank,mape_rank,combined_rank
LSTM,neuralforecast,9.910770893096924,cross_validation,False,5403.923363214284,57698616.89971036,7595.9605646495,0.06289636481058367,0.033586684130305196,0.55,,,21.0,,,1.0,2.0,1.0,1.3333333333333333
NHITS,neuralforecast,6.382636785507202,cross_validation,False,5702.736979047617,52160689.95412256,7222.23580022991,0.06556582471452217,0.03463993107384141,0.6,,,21.0,,,2.0,1.0,2.0,1.6666666666666667
AutoARIMA,statsforecast,195.9437325000763,,True,5721.720503019554,58872557.955086485,7672.845492715625,0.06621871826878431,0.03526924499448996,0.5,,,21.0,,,3.0,4.0,3.0,3.3333333333333335
AutoETS,statsforecast,6.882033348083496,,True,5763.08179810233,58556621.41942982,7652.229833155158,0.0665027767723132,0.03538776817584123,0.65,,,21.0,,,4.0,3.0,4.0,3.6666666666666665
NBEATS,neuralforecast,7.49981164932251,cross_validation,False,6191.071056666666,59544717.14789573,7716.522348046154,0.07107965291150385,0.03744585575081239,0.55,,,21.0,,,5.0,5.0,5.0,5.0
