model_name,framework,training_time,evaluation_method,is_auto,mae,mse,rmse,mape,smape,directional_accuracy,coverage_80,coverage_90,n_predictions,mae_rank,rmse_rank,mape_rank,combined_rank
AutoARIMA,statsforecast,198.28338766098022,,True,5721.720503019554,58872557.955086485,7672.845492715625,0.06621871826878431,0.03526924499448996,0.5,,,21,1.0,1.0,1.0,1.0
NHITS,neuralforecast,12.047427654266357,cross_validation,False,6253.600817857141,67635788.44331348,8224.098032204716,0.07157024886181025,0.03814417051714412,0.6,,,21,2.0,2.0,2.0,2.0
NBEATS,neuralforecast,14.57982611656189,cross_validation,False,7455.838541547618,80770324.45146468,8987.231189385566,0.08469208181127044,0.04421952124230328,0.6,,,21,3.0,3.0,3.0,3.0
