model_name,mae,rmse,rmse_mae_ratio,mase,da,training_time
TFT,3382.6697575656785,4646.866580174109,1.3737275327515872,2.028927347836361,45.7936507936508,10092.933532476423
SARIMAX,3944.3886452375905,6275.986288775075,1.5911176238560134,2.365846673302508,72.06349206349206,15265.28300013542
ETS,2869.9486383345525,4125.559616939013,1.4375029440711868,1.7213969132455698,48.49206349206349,3816.320750033856
Theta,3152.912366305633,4637.302748365813,1.4707997589541277,1.8911187268639973,51.34920634920635,6360.534583389759
TSMixerx,3198.9912470433173,4717.753821845911,1.474762966671546,1.918756867145731,47.53968253968254,3611.417561781406
iTransformer,3352.441970795011,5119.960158469138,1.5272330447691451,2.0107967032156724,48.492063492063494,9028.543904453516
TCN,2944.110598403636,4308.122422542845,1.463301828701275,1.765879301340586,46.74603174603174,5417.126342672109
