model_name,training_time,status,error,mae,rmse,mape,smape
AutoBiTCN,3750.9653105139732,success,,3839.3899741249998,5027.158383511041,5.437359625297667,5.449334973599156
AutoNBEATSx,3750.9653105139732,success,,3107.1277346130946,4275.043367696656,4.35172372428381,4.39327804445179
AutoTSMixerx,3750.9653105139732,success,,3966.441946291666,5239.8416491945545,5.760041557974615,5.7090072923158734
AutoiTransformer,3750.9653105139732,success,,3052.0114587857142,4443.608045365694,4.185996770357937,4.20827732331762
