model_name,training_time,status,error,mae,rmse,mape,smape
AutoARIMA,4644.864313920339,success,,1957.5686339133197,2548.2347911855773,2.7063673280821003,2.726562480026663
AutoETS,4644.864313920339,success,,2923.8468399078833,4172.872076574762,4.015256896828405,4.035974643961728
AutoTheta,4644.864313920339,success,,2939.0089736772206,4187.242034674882,4.033639198992834,4.057371271465331
