model_name,mae,rmse,mase,da,theil_u,training_time
TFT,3382.6697575656785,4646.866580174109,2.028927347836361,45.933014354066984,2.4918093224991438,10092.933532476423
SARIMAX,3944.3886452375905,6275.986288775075,2.365846673302508,72.24880382775119,3.365247918150166,15265.28300013542
ETS,2869.9486383345525,4125.559616939013,1.7213969132455698,48.32535885167464,2.2120611590364723,3816.320750033856
Theta,3152.912366305633,4637.302748365813,1.8911187268639973,51.196172248803826,2.4864833107779156,6360.534583389759
TSMixerx,3198.9912470433173,4717.753821845911,1.918756867145731,47.368421052631575,2.529401426155092,3611.417561781406
iTransformer,3352.441970795011,5119.960158469138,2.0107967032156724,48.32535885167464,2.7451263221064486,9028.543904453516
TCN,2944.110598403636,4308.122422542845,1.765879301340586,46.889952153110045,2.310165407051098,5417.126342672109
