model_name,training_time,status,error,mae,rmse,mape,smape
AutoARIMA,9163.833225250244,success,,4767.719153172904,7425.394661137683,6.3304257894353855,6.093111198914712
AutoETS,9163.833225250244,success,,2869.948638334552,4125.559616939013,3.968162450219407,3.9652055532288717
AutoTheta,9163.833225250244,success,,3152.9123663056325,4637.302748365813,4.338246723461181,4.334613255366655
