model_name,training_time,status,error,mae,rmse,mape,smape
AutoBiTCN,3750.965310513973,success,,3839.389974125,5027.158383511041,5.437359625297667,5.449334973599156
AutoNBEATSx,3750.965310513973,success,,3107.1277346130946,4275.043367696656,4.35172372428381,4.39327804445179
AutoTSMixerx,3750.965310513973,success,,3966.441946291666,5239.8416491945545,5.760041557974615,5.7090072923158734
AutoiTransformer,3750.965310513973,success,,3052.0114587857142,4443.608045365694,4.185996770357937,4.20827732331762
AutoARIMA,4644.864313920339,success,,1957.56863391332,2548.2347911855773,2.7063673280821003,2.726562480026663
AutoETS,4644.864313920339,success,,2923.846839907884,4172.872076574762,4.015256896828405,4.035974643961728
AutoTheta,4644.864313920339,success,,2939.0089736772206,4187.242034674882,4.033639198992834,4.057371271465331
