model_name,training_time,status,error,mae,rmse,mape,smape
TCN,5417.126342672109,success,,2944.110598403636,4308.122422542844,4.075845142536531,4.094305217940554
TSMixerx,3611.417561781406,success,,3198.991247043317,4717.75382184591,4.418267994806825,4.380107473812539
iTransformer,9028.543904453515,success,,3352.441970795011,5119.960158469138,4.624919766989124,4.583443917900574
TFT,10092.933532476423,success,,3382.669757565679,4646.86658017411,4.737635842649151,4.732716003661927
SARIMAX,15265.28300013542,success,,3944.3886452375914,6275.986288775075,5.281416252897948,5.208031530950683
ETS,3816.3207500338554,success,,2869.948638334552,4125.559616939013,3.968162450219407,3.965205553228872
Theta,6360.534583389759,success,,3152.9123663056325,4637.302748365813,4.338246723461181,4.334613255366655
