model_name,mae,rmse,mape,smape,da,theil_u
AutoNBEATSx,3197.6467955236208,4465.4300249967255,4.464377986176207,4.384158689946245,54.066985645933016,2.3888140383845724
AutoTSMixerx,3028.6268651107002,4469.09674989619,4.274926838397327,4.263390909440065,53.110047846889955,2.39077557934831
AutoiTransformer,3098.00754095995,4513.180124398934,4.3101217672105205,4.332106317333763,50.23923444976076,2.414358298880814
AutoBiTCN,3224.682797651535,4708.760469549079,4.444522147845005,4.4989338537832495,48.803827751196174,2.51898541687649
