model_name,training_time,status,error,mae,rmse,mape,smape
AutoNBEATSx,4762.151739001274,success,,3420.8249629047623,4579.326498300492,4.816701677396909,4.8312199486579575
AutoTFT,4762.151739001274,success,,3328.8161459642856,4610.152593449632,4.705888093728665,4.65295474669861
AutoTSMixerx,4762.151739001274,success,,4420.000986232143,6205.315141476241,6.404238988520626,6.2429884184336295
AutoiTransformer,4762.151739001274,success,,2994.2596357142857,4378.332812090716,4.085089925878581,4.089273465343196
AutoBiTCN,5445.937018752098,success,,3708.6248144523806,5208.234987447319,5.10039627265393,5.094493513668496
AutoKAN,5445.937018752098,success,,3438.960436267857,4684.012142515372,4.934286272095766,4.965878934307198