model_name,training_time,status,error,mae,rmse,mape,smape
TCN,6019.029269635677,success,,2944.110598403636,4308.122422542844,4.075845142536531,4.094305217940554
TSMixerx,6019.029269635677,success,,3198.991247043317,4717.75382184591,4.418267994806825,4.380107473812539
iTransformer,6019.029269635677,success,,3352.441970795011,5119.960158469138,4.624919766989124,4.583443917900574
TFT,10092.933532476425,success,,3382.669757565679,4646.86658017411,4.737635842649151,4.732716003661927