model_name,training_time,status,error,mae,rmse,mape,smape
AutoBiTCN,3839.7790194153786,success,,5703.892179294618,8951.006706510656,15.281654491492361,16.760431768220194
AutoNBEATSx,3839.7790194153786,success,,4550.528927857639,7024.605132281167,10.803730520861004,11.160194986714139
AutoTSMixerx,3839.7790194153786,success,,3848.5464919184024,5694.503314498685,10.828816027080752,10.469857415124658
AutoiTransformer,3839.7790194153786,success,,4083.336993260764,6305.930146096341,10.378997424165362,10.639471833029951
