model_name,training_time,status,error,mae,rmse,mape,smape
AutoNBEATSx,6969.879881799221,success,,5288.923423905382,8306.203551552973,15.396033861386066,15.540858260018497
AutoTFT,6969.879881799221,success,,6115.126105203646,10815.931080224382,15.195481586148201,17.20785942524083
AutoTSMixerx,6969.879881799221,success,,4829.115531563889,7115.953996394194,11.886820927377165,11.917670474788187
AutoiTransformer,6969.879881799221,success,,4229.115670781945,6067.110033332727,10.67100391848172,10.750977623314876
AutoBiTCN,5483.653777122498,success,,5733.844541994444,8222.097797451828,15.048755957586248,14.522447620648423
AutoKAN,5483.653777122498,success,,4796.27981771875,6672.683713431845,14.330532574661033,13.978893017281777