model_name,training_time,status,error,mae,rmse,mape,smape
TCN,5237.148051738739,success,,4021.384729385714,6192.931484255004,9.227586392924971,9.68996571257122
TSMixerx,3491.432034492493,success,,4475.366294870371,6677.309231974805,10.560623905271258,10.755519767344609
iTransformer,8728.580086231232,success,,4203.521430847005,6281.974395697505,10.298133089395115,10.420617264585164
TFT,47202.15218138695,success,,4356.552644404478,7176.019645087583,10.045322117556852,10.367704909336458
SARIMAX,12427.000885868072,success,,4572.833309128036,8429.040453146463,10.5059167823476,10.12357913336812
ETS,3107.000221467018,success,,3386.957884616576,5347.966592408525,8.34603562077829,8.486959375149562
Theta,5178.33370244503,success,,5095.963408229117,7641.418498863723,12.23004755471556,12.546488143130594
