model_name,training_time,status,error,mae,rmse,mape,smape
AutoBiTCN,3839.7790194153786,success,,5703.892179294618,8951.006706510656,15.28165449149236,16.760431768220194
AutoNBEATSx,3839.7790194153786,success,,4550.528927857639,7024.605132281167,10.803730520861004,11.16019498671414
AutoTSMixerx,3839.7790194153786,success,,3848.5464919184014,5694.503314498685,10.828816027080752,10.469857415124658
AutoiTransformer,3839.7790194153786,success,,4083.336993260764,6305.930146096341,10.378997424165362,10.639471833029951
AutoARIMA,3302.813343604406,success,,2905.9145496044503,4820.5923139933575,7.422877625292637,7.385026900259479
AutoETS,3302.813343604406,success,,3426.178568705924,5587.194336740256,8.19456602304239,8.551683863947598
AutoTheta,3302.813343604406,success,,3421.8471763095595,5582.91142884839,8.194659694513263,8.495419605439173
