model_name,training_time,status,error,mae,rmse,mape,smape
AutoARIMA,471.81827878952026,success,,3017.610443633038,4382.065661762312,8.229145034249836,8.405755316089877
AutoETS,471.81827878952026,success,,3458.4387106714303,5673.37057855198,8.23098215597403,8.548419753942724
AutoTheta,471.81827878952026,success,,3381.7772728588943,5458.087979172398,8.16808706432062,8.54429471338101
