model_name,training_time,status,error,mae,rmse,mape,smape
AutoARIMA,3302.813343604406,success,,2905.9145496044503,4820.5923139933575,7.422877625292637,7.385026900259479
AutoETS,3302.813343604406,success,,3426.178568705924,5587.194336740256,8.19456602304239,8.551683863947598
AutoTheta,3302.813343604406,success,,3421.8471763095595,5582.91142884839,8.194659694513263,8.495419605439173
