model_name,mae,rmse,rmse_mae_ratio,mase,da,training_time
TFT,4356.552644404478,7176.019645087583,1.6471784529688642,2.642629475203881,51.6168582375479,47202.15218138695
TSMixerx,4475.366294870371,6677.309231974805,1.4920140145016247,2.7147003258065965,49.83141762452108,3491.432034492493
iTransformer,4203.521430847005,6281.974395697505,1.494455184550277,2.5498026856337805,50.05747126436781,8728.580086231232
SARIMAX,4572.833309128035,8429.040453146463,1.8432861824026874,2.7738225781379757,57.62068965517241,12427.000885868072
ETS,3386.957884616576,5347.966592408524,1.5789882173317742,2.0544856145966395,51.16858237547893,3107.000221467018
Theta,5095.963408229117,7641.418498863723,1.4995041931667186,3.091146648817218,51.05747126436782,5178.33370244503
TCN,3773.449094416286,5830.360892240801,1.5451012446062158,2.2889262713016003,51.95019157088122,5237.148051738739
