model_name,mae,rmse,mase,da,theil_u,training_time
TFT,4356.552644404478,7176.019645087583,2.642629475203881,51.61290322580645,5.898004644387256,47202.15218138695
TSMixerx,4475.366294870371,6677.309231974805,2.7147003258065965,49.83314794215795,5.48806570713652,3491.432034492493
iTransformer,4203.521430847005,6281.974395697505,2.5498026856337805,50.055617352614014,5.163259947767954,8728.580086231232
SARIMAX,4572.833309128035,8429.040453146463,2.7738225781379757,57.61957730812013,6.928195278635235,12427.000885868072
ETS,3386.957884616576,5347.966592408524,2.0544856145966395,51.16796440489433,4.39530650751094,3107.000221467018
Theta,5095.963408229117,7641.418498863723,3.091146648817218,51.05672969966629,6.280647430944063,5178.33370244503
TCN,3773.449094416286,5830.360892240801,2.2889262713016003,51.94660734149055,4.791855109917255,5237.148051738739
