model_name,mae,rmse,mape,smape,da,theil_u,training_time,status,error
AutoNBEATSx,4.227428626255438e+125,1.2682278119688516e+127,6.169077953599377e+122,69.09962319231538,50.723025583982206,1.041833196402292e+124,,,
AutoTSMixerx,4446.608910259415,6830.030223215542,10.346318255462128,10.766276523567685,50.16685205784205,5.6107839236943615,,,
AutoiTransformer,4024.283187258549,6128.124195358126,9.661287357148206,9.78709491360421,50.83426028921024,5.034176950029689,,,
AutoBiTCN,5.768755569069764e+73,1.2237372930528612e+75,9.160182158994758e+70,55.06271136027125,48.83203559510567,1.0052847946921257e+72,,,
AutoARIMA,4413.946544025856,6774.188121953902,11.46205950141033,11.098352220515451,,,7466.903657515843,success,
AutoETS,3386.957884616576,5347.966592408525,8.34603562077829,8.486959375149562,,,7466.903657515843,success,
AutoTheta,5095.963408229117,7641.418498863723,12.23004755471556,12.546488143130594,,,7466.903657515843,success,
