model_name,training_time,status,error,mae,rmse,mape,smape
AutoARIMA,7466.903657515843,success,,4413.946544025856,6774.188121953902,11.46205950141033,11.098352220515451
AutoETS,7466.903657515843,success,,3386.957884616576,5347.966592408525,8.34603562077829,8.486959375149562
AutoTheta,7466.903657515843,success,,5095.963408229117,7641.418498863723,12.23004755471556,12.546488143130594
