{
    "common": {
        "ds": [
            1735084800000000000,
            1735171200000000000,
            1735257600000000000,
            1735344000000000000,
            1735430400000000000,
            1735516800000000000,
            1735603200000000000
        ],
        "actual": [
            99299.19531,
            95795.51563,
            94164.85938,
            95163.92969,
            93530.22656,
            92643.21094,
            93429.20313
        ]
    },
    "models": {
        "AutoARIMA": {
            "predictions": {
                "mean": [
                    99981.88921543169,
                    99155.70177343008,
                    98047.65631325882,
                    98587.34182957717,
                    98035.65531342376,
                    97508.09194872381,
                    98375.05440080186
                ],
                "lo": {
                    "95": [
                        97473.11965026059,
                        96646.93220825898,
                        95538.88674808772,
                        96078.57226440607,
                        95526.88574825267,
                        94999.32238355272,
                        95866.28483563077
                    ]
                },
                "hi": {
                    "95": [
                        102490.65878060278,
                        101664.47133860117,
                        100556.42587842992,
                        101096.11139474827,
                        100544.42487859486,
                        100016.86151389491,
                        100883.82396597296
                    ]
                }
            },
            "forecast_method": "direct_forecast"
        },
        "AutoETS": {
            "predictions": {
                "mean": [
                    98553.68537294184,
                    98570.77981514252,
                    98587.87425734322,
                    98604.96869954393,
                    98622.06314174461,
                    98639.15758394531,
                    98656.25202614602
                ],
                "lo": {
                    "95": [
                        94063.46510077511,
                        94080.5595429758,
                        94097.6539851765,
                        94114.7484273772,
                        94131.84286957789,
                        94148.93731177859,
                        94166.03175397929
                    ]
                },
                "hi": {
                    "95": [
                        103043.90564510856,
                        103061.00008730925,
                        103078.09452950995,
                        103095.18897171065,
                        103112.28341391134,
                        103129.37785611204,
                        103146.47229831274
                    ]
                }
            },
            "forecast_method": "direct_forecast"
        },
        "AutoTheta": {
            "predictions": {
                "mean": [
                    98697.3782040367,
                    98443.16720042785,
                    98435.0962554872,
                    98511.47680806536,
                    98416.81058990871,
                    98702.74832232171,
                    98624.78288656904
                ],
                "lo": {
                    "95": [
                        94323.75437873538,
                        94069.54337512654,
                        94061.47243018588,
                        94137.85298276405,
                        94043.1867646074,
                        94329.1244970204,
                        94251.15906126772
                    ]
                },
                "hi": {
                    "95": [
                        103071.002029338,
                        102816.79102572915,
                        102808.7200807885,
                        102885.10063336666,
                        102790.43441521001,
                        103076.37214762301,
                        102998.40671187034
                    ]
                }
            },
            "forecast_method": "direct_forecast"
        }
    }
}