{
    "common": {
        "ds": [
            1735084800000000000,
            1735171200000000000,
            1735257600000000000,
            1735344000000000000,
            1735430400000000000,
            1735516800000000000,
            1735603200000000000
        ],
        "actual": [
            99299.19531,
            95795.51563,
            94164.85938,
            95163.92969,
            93530.22656,
            92643.21094,
            93429.20313
        ]
    },
    "models": {
        "NBEATSx": {
            "predictions": {
                "mean": [
                    99557.23836389929,
                    100258.69760389626,
                    99736.70121830702,
                    98972.21521847695,
                    99746.05196553469,
                    102000.70549882948,
                    103688.16925960034
                ],
                "lo": {
                    "95": [
                        -60679821.14405065,
                        -74028094.9387144,
                        -90611638.60873255,
                        -108311972.6904136,
                        -167565056.2987337,
                        -184941761.30269912,
                        -227006493.5245143
                    ]
                },
                "hi": {
                    "95": [
                        60878935.62077844,
                        74228612.33392219,
                        90811112.01116917,
                        108509917.12085046,
                        167764548.40266475,
                        185145762.71369675,
                        227213869.86303344
                    ]
                }
            },
            "forecast_method": "direct_forecast"
        },
        "TFT": {
            "predictions": {
                "mean": [
                    98264.84367349744,
                    97908.63580929488,
                    97545.71560651809,
                    97237.3906038776,
                    97012.28044276685,
                    96856.82994410396,
                    96748.67788530141
                ],
                "lo": {
                    "95": [
                        -64223325.47654357,
                        -141573383.38622215,
                        -150655799.79670864,
                        -162591923.40489012,
                        -190670504.5742621,
                        -197869629.39388043,
                        -183188071.75869703
                    ]
                },
                "hi": {
                    "95": [
                        64419855.16389052,
                        141769200.65784073,
                        150850891.22792163,
                        162786398.18609786,
                        190864529.13514766,
                        198063343.05376863,
                        183381569.1144676
                    ]
                }
            },
            "forecast_method": "direct_forecast"
        },
        "TSMixerx": {
            "predictions": {
                "mean": [
                    95549.00198157877,
                    95971.17006211728,
                    95633.70341034979,
                    96554.89386220276,
                    97199.78902506828,
                    95129.25102380663,
                    94760.94619777799
                ],
                "lo": {
                    "95": [
                        -75384576.06819603,
                        -106231222.47280644,
                        -140491712.95637742,
                        -174029025.6963648,
                        -143189657.84206554,
                        -108464507.28925413,
                        -116307066.0260291
                    ]
                },
                "hi": {
                    "95": [
                        75575674.07215914,
                        106423164.81293067,
                        140682980.3631981,
                        174222135.4840891,
                        143384057.42011562,
                        108654765.79130171,
                        116496587.91842465
                    ]
                }
            },
            "forecast_method": "direct_forecast"
        },
        "iTransformer": {
            "predictions": {
                "mean": [
                    98212.12089240551,
                    98364.0308168754,
                    98439.82407019287,
                    98664.52570351213,
                    98248.8543496579,
                    98613.11928974837,
                    98930.74964763969
                ],
                "lo": {
                    "95": [
                        -65439698.385951325,
                        -102478964.5456946,
                        -132192316.22355558,
                        -145899628.40506285,
                        -142469701.70552942,
                        -165527271.7187422,
                        -150865407.7400658
                    ]
                },
                "hi": {
                    "95": [
                        65636122.62773608,
                        102675692.60732831,
                        132389195.87169597,
                        146096957.45646986,
                        142666199.41422868,
                        165724497.95732167,
                        151063269.23936105
                    ]
                }
            },
            "forecast_method": "direct_forecast"
        },
        "BiTCN": {
            "predictions": {
                "mean": [
                    96750.27795248479,
                    96744.00251168758,
                    96996.67695073038,
                    96721.07388938963,
                    96827.83014490455,
                    97126.17458663881,
                    97105.93543896824
                ],
                "lo": {
                    "95": [
                        -38792490.76019966,
                        -54994309.95368728,
                        -83519680.86398558,
                        -82697905.3277632,
                        -95268863.31177151,
                        -117593274.00106126,
                        -103667615.603008
                    ]
                },
                "hi": {
                    "95": [
                        38985991.3161046,
                        55187797.95871062,
                        83713674.21788703,
                        82891347.47554198,
                        95462518.97206129,
                        117787526.35023454,
                        103861827.47388592
                    ]
                }
            },
            "forecast_method": "direct_forecast"
        },
        "KAN": {
            "predictions": {
                "mean": [
                    96323.97352805734,
                    98295.19955800474,
                    98637.96004907042,
                    99760.84407598525,
                    100615.87004760653,
                    102814.54959946871,
                    102945.48843064159
                ],
                "lo": {
                    "95": [
                        -162915092.2606482,
                        -177286601.2699382,
                        -159965972.38884765,
                        -233514639.97072357,
                        -241040294.74172395,
                        -241187398.8883486,
                        -186158533.5300004
                    ]
                },
                "hi": {
                    "95": [
                        163107740.20770425,
                        177483191.66905415,
                        160163248.30894572,
                        233714161.6588755,
                        241241526.48181915,
                        241393027.98754743,
                        186364424.50686163
                    ]
                }
            },
            "forecast_method": "direct_forecast"
        }
    }
}