{
    "common": {
        "ds": [
            1735084800000000000,
            1735171200000000000,
            1735257600000000000,
            1735344000000000000,
            1735430400000000000,
            1735516800000000000,
            1735603200000000000
        ],
        "actual": [
            99299.19531,
            95795.51563,
            94164.85938,
            95163.92969,
            93530.22656,
            92643.21094,
            93429.20313
        ]
    },
    "models": {
        "SARIMAX": {
            "predictions": {
                "mean": [
                    99981.88921543169,
                    99155.70177343008,
                    98047.65631325882,
                    98587.34182957717,
                    98035.65531342376,
                    97508.09194872381,
                    98375.05440080186
                ],
                "lo": {
                    "95": [
                        97473.11965026059,
                        96646.93220825898,
                        95538.88674808772,
                        96078.57226440607,
                        95526.88574825267,
                        94999.32238355272,
                        95866.28483563077
                    ]
                },
                "hi": {
                    "95": [
                        102490.65878060278,
                        101664.47133860117,
                        100556.42587842992,
                        101096.11139474827,
                        100544.42487859486,
                        100016.86151389491,
                        100883.82396597296
                    ]
                }
            },
            "forecast_method": "direct_forecast"
        },
        "ETS": {
            "predictions": {
                "mean": [
                    98553.68537294184,
                    98570.77981514252,
                    98587.87425734322,
                    98604.96869954393,
                    98622.06314174461,
                    98639.15758394531,
                    98656.25202614602
                ],
                "lo": {
                    "95": [
                        94063.46510077511,
                        94080.5595429758,
                        94097.6539851765,
                        94114.7484273772,
                        94131.84286957789,
                        94148.93731177859,
                        94166.03175397929
                    ]
                },
                "hi": {
                    "95": [
                        103043.90564510856,
                        103061.00008730925,
                        103078.09452950995,
                        103095.18897171065,
                        103112.28341391134,
                        103129.37785611204,
                        103146.47229831274
                    ]
                }
            },
            "forecast_method": "direct_forecast"
        },
        "Theta": {
            "predictions": {
                "mean": [
                    98697.3782040367,
                    98443.16720042785,
                    98435.0962554872,
                    98511.47680806536,
                    98416.81058990871,
                    98702.74832232171,
                    98624.78288656904
                ],
                "lo": {
                    "95": [
                        94323.75437873538,
                        94069.54337512654,
                        94061.47243018588,
                        94137.85298276405,
                        94043.1867646074,
                        94329.1244970204,
                        94251.15906126772
                    ]
                },
                "hi": {
                    "95": [
                        103071.002029338,
                        102816.79102572915,
                        102808.7200807885,
                        102885.10063336666,
                        102790.43441521001,
                        103076.37214762301,
                        102998.40671187034
                    ]
                }
            },
            "forecast_method": "direct_forecast"
        },
        "CatBoost": {
            "predictions": {
                "mean": [
                    99002.4729946115,
                    98562.52339665621,
                    97286.88044957956,
                    98696.01931501455,
                    97452.40000577799,
                    95715.2247276381,
                    95630.89181913476
                ],
                "lo": {
                    "95": [
                        95479.36725768524,
                        93046.6322806855,
                        92077.21070999347,
                        95098.52340974688,
                        93156.37441651929,
                        89405.3948009778,
                        89253.48216319851
                    ]
                },
                "hi": {
                    "95": [
                        102525.57873153775,
                        104078.41451262691,
                        102496.55018916566,
                        102293.51522028222,
                        101748.42559503668,
                        102025.05465429838,
                        102008.301475071
                    ]
                }
            },
            "forecast_method": "direct_forecast"
        },
        "LightGBM": {
            "predictions": {
                "mean": [
                    98394.56229111174,
                    98844.34797699218,
                    97852.43208602187,
                    99315.38059751448,
                    98479.31656936542,
                    98200.5739825414,
                    98404.94726614197
                ],
                "lo": {
                    "95": [
                        94035.52975385849,
                        93091.76518577867,
                        92246.20458932883,
                        94899.03100888396,
                        93930.18908225645,
                        91445.79000669629,
                        91117.59127902926
                    ]
                },
                "hi": {
                    "95": [
                        102753.59482836499,
                        104596.9307682057,
                        103458.65958271491,
                        103731.730186145,
                        103028.44405647437,
                        104955.3579583865,
                        105692.30325325466
                    ]
                }
            },
            "forecast_method": "direct_forecast"
        },
        "XGBoost": {
            "predictions": {
                "mean": [
                    97673.09375,
                    97145.1953125,
                    97958.7578125,
                    98177.203125,
                    97829.3359375,
                    97743.8828125,
                    97634.90625
                ],
                "lo": {
                    "95": [
                        64713.4794425,
                        65397.764062375,
                        65293.77159415624,
                        65543.96528334374,
                        64779.6648684375,
                        65465.765133031244,
                        62963.48154203125
                    ]
                },
                "hi": {
                    "95": [
                        130632.7080575,
                        128892.626562625,
                        130623.74403084375,
                        130810.44096665624,
                        130879.0070065625,
                        130022.00049196875,
                        132306.33095796875
                    ]
                }
            },
            "forecast_method": "direct_forecast"
        },