{
    "common": {
        "ds": [
            1735084800000000000,
            1735171200000000000,
            1735257600000000000,
            1735344000000000000,
            1735430400000000000,
            1735516800000000000,
            1735603200000000000
        ],
        "actual": [
            99299.19531,
            95795.51563,
            94164.85938,
            95163.92969,
            93530.22656,
            92643.21094,
            93429.20313
        ]
    },
    "models": {
        "BiTCN": {
            "predictions": {
                "mean": [
                    96544.97004126757,
                    96644.33875255287,
                    96669.61640965194,
                    96427.55234519392,
                    96613.11474648863,
                    97017.27923421562,
                    97098.3833488226
                ],
                "lo": {
                    "95": [
                        -38792696.068110876,
                        -54994500.25614577,
                        -83520007.92452666,
                        -82698201.17337662,
                        -95269078.02716993,
                        -117593473.53511302,
                        -103667623.15509816
                    ]
                },
                "hi": {
                    "95": [
                        38985786.00819338,
                        55187788.93365082,
                        83713347.15734595,
                        82891056.278067,
                        95462304.25666288,
                        117787508.09358144,
                        103861819.92179577
                    ]
                }
            },
            "forecast_method": "direct_forecast"
        },
        "NBEATSx": {
            "predictions": {
                "mean": [
                    100075.98354914784,
                    101837.9128479138,
                    101457.78341192007,
                    100415.18644402921,
                    101256.7536945194,
                    102503.37625028193,
                    103991.84725861251
                ],
                "lo": {
                    "95": [
                        -60679302.3988654,
                        -74026515.72347039,
                        -90609917.52653894,
                        -108310529.71918805,
                        -167563545.59700474,
                        -184941258.63194767,
                        -227006189.84651527
                    ]
                },
                "hi": {
                    "95": [
                        60879454.36596369,
                        74230191.5491662,
                        90812833.09336278,
                        108511360.09207602,
                        167766059.10439375,
                        185146265.3844482,
                        227214173.54103246
                    ]
                }
            },
            "forecast_method": "direct_forecast"
        },
        "TFT": {
            "predictions": {
                "mean": [
                    98117.47294671088,
                    97836.3831301704,
                    97547.57667756826,
                    97272.08142217249,
                    97036.40060445666,
                    96850.11193153262,
                    96707.2860764265
                ],
                "lo": {
                    "95": [
                        -64223472.847270355,
                        -141573455.6389013,
                        -150655797.9356376,
                        -162591888.71407184,
                        -190670480.45410043,
                        -197869636.111893,
                        -183188113.1505059
                    ]
                },
                "hi": {
                    "95": [
                        64419707.79316373,
                        141769128.4051616,
                        150850893.08899269,
                        162786432.87691614,
                        190864553.25530934,
                        198063336.33575606,
                        183381527.72265872
                    ]
                }
            },
            "forecast_method": "direct_forecast"
        },
        "TSMixerx": {
            "predictions": {
                "mean": [
                    94345.66067572683,
                    94821.99840661883,
                    95020.5712832734,
                    95882.82025320828,
                    96387.6414495632,
                    94730.50520331413,
                    93917.0696304664
                ],
                "lo": {
                    "95": [
                        -75385779.40950188,
                        -106232371.64446193,
                        -140492326.0885045,
                        -174029697.76997378,
                        -143190469.98964104,
                        -108464906.03507462,
                        -116307909.9025964
                    ]
                },
                "hi": {
                    "95": [
                        75574470.73085329,
                        106422015.64127517,
                        140682367.23107103,
                        174221463.4104801,
                        143383245.2725401,
                        108654367.04548122,
                        116495744.04185733
                    ]
                }
            },
            "forecast_method": "direct_forecast"
        },
        "iTransformer": {
            "predictions": {
                "mean": [
                    96830.93949531764,
                    97098.97911851853,
                    97126.60013642162,
                    96877.19959370792,
                    97151.63381164521,
                    97318.57982844114,
                    97440.32111030817
                ],
                "lo": {
                    "95": [
                        -65441079.56734841,
                        -102480229.59739296,
                        -132193629.44748935,
                        -145901415.73117265,
                        -142470798.9260674,
                        -165528566.25820348,
                        -150866898.16860312
                    ]
                },
                "hi": {
                    "95": [
                        65634741.44633899,
                        102674427.55562995,
                        132387882.6477622,
                        146095170.13036004,
                        142665102.19369066,
                        165723203.41786036,
                        151061778.81082374
                    ]
                }
            },
            "forecast_method": "direct_forecast"
        }
    }
}