model_name,training_time,evaluation_method,status,mae,mase,rmse,da,theil_u
AutoETS,0.014566898345947266,direct_forecast,success,4571.847750431035,2.7392189417348654,5015.843496126346,50.0,2.9650851957429394
BiTCN,0.014853954315185547,direct_forecast,success,4141.116068571429,2.4811463972928705,4564.195324705755,50.0,2.6973371531699755
Naive,0.015584468841552734,direct_forecast,success,1437.6026771428567,0.8613385000730172,1706.9092575238226,0.0,1.0
