model_name,mae,rmse,rmse_mae_ratio,mase,da
TCN,4141.116068571429,4564.195324705755,1.102165515075813,2.483843899717732,57.14285714285714
ETS,4571.847750431035,5015.843496126346,1.0971151643563481,2.7421970206364645,57.14285714285714
Naive,1437.6026771428567,1706.9092575238226,1.1873303275395921,0.8622749473117245,0.0
