model_name,mae,rmse,mape,smape,da,theil_u
AutoNBEATSx,45386.84233195812,84976.79002682197,153.56325264977391,75.71392859104007,47.830923248053395,74.96406861588791
AutoTSMixerx,7229.434633097026,11030.409239391756,19.734048460562267,18.39210746099446,51.724137931034484,9.730708288958558
AutoiTransformer,7436.144706863586,11081.103220908617,23.10586497960892,20.322590141705923,49.61067853170189,9.775429054565768
AutoBiTCN,7144.3834311321825,9884.989117032897,20.020951715622807,21.315838621695594,49.61067853170189,8.720251755834328
