model_name,training_time,status,error,mae,rmse,mape,smape
AutoARIMA,520.6608012517294,success,,4229.539610733421,5807.254287295211,12.753477231032331,12.611668302000867
AutoETS,520.6608012517294,success,,5731.1227475464475,8376.996308594562,17.31471818268218,16.92090707855892
AutoTheta,520.6608012517294,success,,5726.519856090895,8281.098181793248,17.629391069018848,16.849384375337063
