model_name,mae,rmse,mase,da,theil_u,training_time
TSMixerx,6963.565781101271,11163.70762997714,4.403417502196909,50.38932146829811,9.853749784321987,1319.0781464338302
iTransformer,8437.167725790045,11726.773579834906,5.335251105625259,49.83314794215795,10.35074251107358,3297.695366084576
TCN,6134.855172171455,9281.939276320903,3.879381553614156,51.05672969966629,8.192782519560039,1978.6172196507453
TFT,5880.390298763583,8224.86811494703,3.7184704467930554,50.94549499443827,7.259743927150389,3660.781601667404
SARIMAX,11496.06215277886,20989.185745495997,7.269545931091094,51.16796440489433,18.52622648327571,2924.8188993930817
ETS,6451.786634968839,8756.289652306383,4.079793468163222,49.72191323692992,7.728806231008435,731.2047248482704
Theta,7439.996062596106,11477.792576772641,4.704688647764974,50.50055617352614,10.130998910951718,1218.674541413784
