model_name,training_time,status,error,mae,rmse,mape,smape
AutoBiTCN,1854.3857026696205,success,,10578.655871262847,12684.02466930939,31.00246406219072,34.29723831466364
AutoNBEATSx,1854.3857026696205,success,,9319.289612177952,14059.996841815075,30.721642207072176,29.83238617099337
AutoTSMixerx,1854.3857026696205,success,,9013.437187448611,13671.247545152894,23.54932425028454,22.244850319135466
AutoiTransformer,1854.3857026696205,success,,8959.529131794445,12436.253363514012,26.58228252572808,23.20253078463097
