model_name,training_time,status,error,mae,rmse,mape,smape
AutoARIMA,1641.2960529327393,success,,8996.940979224224,13702.648263807741,26.991408894094793,27.297012804946075
AutoETS,1641.2960529327393,success,,6451.786634968839,8756.289652306383,20.455334814003518,18.366410673210865
AutoTheta,1641.2960529327393,success,,7439.996062596106,11477.792576772641,20.05017372515932,19.25125270945954
