model_name,mae,rmse,mape,smape,da,theil_u,training_time,status,error
AutoNBEATSx,45386.84233195812,84976.79002682197,153.56325264977391,75.71392859104007,47.8309232480534,74.96406861588791,,,
AutoTSMixerx,7229.434633097026,11030.409239391756,19.734048460562267,18.39210746099446,51.72413793103448,9.730708288958558,,,
AutoiTransformer,7436.144706863586,11081.103220908615,23.10586497960892,20.322590141705923,49.61067853170189,9.775429054565768,,,
AutoBiTCN,7144.383431132183,9884.989117032896,20.020951715622807,21.315838621695598,49.61067853170189,8.720251755834328,,,
AutoARIMA,8996.940979224224,13702.64826380774,26.991408894094796,27.297012804946075,,,1641.2960529327393,success,
AutoETS,6451.786634968839,8756.289652306383,20.45533481400352,18.366410673210865,,,1641.2960529327393,success,
AutoTheta,7439.996062596106,11477.79257677264,20.05017372515932,19.25125270945954,,,1641.2960529327393,success,
