model_name,training_time,status,error,mae,rmse,mape,smape
AutoBiTCN,1854.3857026696203,success,,10578.655871262848,12684.02466930939,31.00246406219072,34.29723831466364
AutoNBEATSx,1854.3857026696203,success,,9319.289612177952,14059.996841815077,30.721642207072176,29.83238617099337
AutoTSMixerx,1854.3857026696203,success,,9013.437187448611,13671.247545152894,23.54932425028454,22.244850319135463
AutoiTransformer,1854.3857026696203,success,,8959.529131794445,12436.253363514012,26.58228252572808,23.20253078463097
AutoARIMA,520.6608012517294,success,,4229.539610733421,5807.254287295211,12.753477231032331,12.611668302000869
AutoETS,520.6608012517294,success,,5731.122747546448,8376.996308594562,17.31471818268218,16.92090707855892
AutoTheta,520.6608012517294,success,,5726.519856090895,8281.098181793248,17.629391069018848,16.849384375337063
