model_name,mae,rmse,rmse_mae_ratio,mase,da,training_time
TSMixerx,6963.565781101271,11163.70762997714,1.603159642761589,4.403417502196909,50.38701622971287,1319.0781464338302
iTransformer,8437.167725790045,11726.773579834906,1.3898945666315798,5.335251105625259,49.83270911360799,3297.695366084576
TCN,6134.855172171455,9281.939276320903,1.5129842540415712,3.879381553614156,51.0561797752809,1978.6172196507453
TFT,5880.390298763583,8224.86811494703,1.3986942527737316,3.7184704467930554,50.94506866416979,3660.781601667404
SARIMAX,11496.06215277886,20989.185745495997,1.8257717700684517,7.269545931091094,51.16354556803996,2924.8188993930817
ETS,6451.786634968839,8756.289652306383,1.357188349169373,4.079793468163222,49.72034956304619,731.2047248482704
Theta,7439.996062596106,11477.792576772641,1.5427148724548638,4.704688647764974,50.50187265917604,1218.674541413784
