{
    "common": {
        "ds": [
            1730505600000000000,
            1730592000000000000,
            1730678400000000000,
            1730764800000000000,
            1730851200000000000,
            1730937600000000000,
            1731024000000000000,
            1731110400000000000,
            1731196800000000000,
            1731283200000000000,
            1731369600000000000,
            1731456000000000000,
            1731542400000000000,
            1731628800000000000,
            1731715200000000000,
            1731801600000000000,
            1731888000000000000,
            1731974400000000000,
            1732060800000000000,
            1732147200000000000,
            1732233600000000000,
            1732320000000000000,
            1732406400000000000,
            1732492800000000000,
            1732579200000000000,
            1732665600000000000,
            1732752000000000000,
            1732838400000000000,
            1732924800000000000,
            1733011200000000000,
            1733097600000000000,
            1733184000000000000,
            1733270400000000000,
            1733356800000000000,
            1733443200000000000,
            1733529600000000000,
            1733616000000000000,
            1733702400000000000,
            1733788800000000000,
            1733875200000000000,
            1733961600000000000,
            1734048000000000000,
            1734134400000000000,
            1734220800000000000,
            1734307200000000000,
            1734393600000000000,
            1734480000000000000,
            1734566400000000000,
            1734652800000000000,
            1734739200000000000,
            1734825600000000000,
            1734912000000000000,
            1734998400000000000,
            1735084800000000000,
            1735171200000000000,
            1735257600000000000,
            1735344000000000000,
            1735430400000000000,
            1735516800000000000,
            1735603200000000000
        ],
        "actual": [
            69289.27344,
            68741.11719,
            67811.50781,
            69359.5625,
            75639.07813,
            75904.85938,
            76545.47656,
            76778.86719,
            80474.1875,
            88701.48438,
            87955.8125,
            90584.16406,
            87250.42969,
            91066.00781,
            90558.47656,
            89845.85156,
            90542.64063,
            92343.78906,
            94339.49219,
            98504.72656,
            98997.66406,
            97777.28125,
            98013.82031,
            93102.29688,
            91985.32031,
            95962.53125,
            95652.46875,
            97461.52344,
            96449.05469,
            97279.78906,
            95865.30469,
            96002.16406,
            98768.53125,
            96593.57031,
            99920.71094,
            99923.33594,
            101236.0156,
            97432.71875,
            96675.42969,
            101173.0313,
            100043.0,
            101459.2578,
            101372.9688,
            104298.6953,
            106029.7188,
            106140.6016,
            100041.5391,
            97490.95313,
            97755.92969,
            97224.72656,
            95104.9375,
            94686.24219,
            98676.09375,
            99299.19531,
            95795.51563,
            94164.85938,
            95163.92969,
            93530.22656,
            92643.21094,
            93429.20313
        ]
    },
    "models": {
        "ETS": {
            "predictions": {
                "mean": [
                    69585.45389096593,
                    69688.59167387811,
                    69791.88232497853,
                    69895.32607084452,
                    69998.9231383892,
                    70102.67375486209,
                    70206.57814784946,
                    70310.63654527496,
                    70414.84917540003,
                    70519.21626682441,
                    70623.73804848673,
                    70728.41474966488,
                    70833.24659997664,
                    70938.23382938007,
                    71043.37666817413,
                    71148.67534699902,
                    71254.1300968369,
                    71359.74114901225,
                    71465.50873519237,
                    71571.433087388,
                    71677.51443795368,
                    71783.75301958843,
                    71890.14906533611,
                    71996.702808586,
                    72103.4144830733,
                    72210.28432287968,
                    72317.31256243374,
                    72424.49943651151,
                    72531.84518023707,
                    72639.35002908293,
                    72747.01421887065,
                    72854.8379857713,
                    72962.82156630598,
                    73070.96519734642,
                    73179.26911611535,
                    73287.73356018719,
                    73396.35876748842,
                    73505.1449762982,
                    73614.09242524883,
                    73723.20135332637,
                    73832.47199987104,
                    73941.90460457782,
                    74051.49940749697,
                    74161.25664903452,
                    74271.17656995288,
                    74381.25941137123,
                    74491.50541476622,
                    74601.91482197231,
                    74712.4878751825,
                    74823.22481694871,
                    74934.12589018237,
                    75045.19133815495,
                    75156.4214044985,
                    75267.81633320614,
                    75379.37636863267,
                    75491.10175549507,
                    75602.992738873,
                    75715.04956420937,
                    75827.27247731092,
                    75939.66172434871
                ]
            },
            "forecast_method": "direct_forecast"
        },