model_name,training_time,evaluation_method,status,mae,mase,rmse,da,theil_u
AutoETS,0.015080690383911133,direct_forecast,success,20289.252552537146,12.156289522176769,21700.755059116702,44.06779661016949,8.465632978584829
iTransformer,0.015619993209838867,direct_forecast,success,20372.098310791665,12.20592649231248,21820.2826435572,44.06779661016949,8.512252475006635
Naive,0.015985488891601562,direct_forecast,success,1875.2015619999993,1.1235255237265778,2563.5116248138725,0.0,1.0
