model_name,mase_slope,da_slope,mase_slope_rank,da_slope_rank,combined_rank
TFT,0.023375730742873663,0.037551331766222024,1.0,6.0,3.5
SARIMAX,0.054143362321101084,-0.21347141289707178,7.0,7.0,7.0
ETS,0.027751356825776074,-0.0007593941668828548,3.0,1.0,1.5
Theta,0.035859445412725725,-0.014863011642702404,5.0,4.0,5.0
TSMixerx,0.028881633167758398,0.014082369040372952,4.0,3.0,3.5
iTransformer,0.038155381603555145,0.01751594365571844,6.0,5.0,6.0
TCN,0.02608542392862431,0.006249628913506527,2.0,2.0,1.5
