model_name,avg_mase_degradation_pct,avg_da_degradation_pct,mase_rank,da_rank,combined_rank
ETS,25.354913767078642,0.8274086975443323,4.0,5.0,4.0
SARIMAX,36.15406970281296,-8.214281302102954,7.0,7.0,7.0
TCN,24.166770601200383,2.47570139160809,3.0,2.0,2.5
TFT,21.24295642154229,2.7163979623329366,1.0,1.0,1.0
TSMixerx,23.33380854126288,1.755670105625451,2.0,3.0,2.5
Theta,27.164875590558328,-0.26993634498418406,5.0,6.0,6.0
iTransformer,28.76647324095774,0.8896025572801003,6.0,4.0,5.0
