model_name,mae,rmse,rmse_mae_ratio,mase,da,training_time
TFT,4430.774857694078,6688.343905201797,1.5095201448991324,2.6729819070123724,50.622710622710635,16434.299809217453
TSMixerx,3975.3736475224664,5843.715600108476,1.4699789549971984,2.3982491042145866,52.76556776556776,3795.72143393755
iTransformer,4021.546809746348,5730.781217996897,1.4250191503697442,2.426104283314843,50.82417582417584,9489.303584843876
TCN,3829.5023269201847,6178.098154878209,1.613290090320129,2.3102483790040025,54.706959706959715,5693.582150906325
SARIMAX,4731.1293538123555,7474.327890560789,1.579818967439129,2.8541786862664194,64.15750915750914,16366.36087861061
ETS,3373.5612394727405,4842.249686775122,1.4353525378812824,2.035189880986609,52.545787545787555,4091.5902196526526
Theta,4023.0476478481164,5683.71218107359,1.412787686994894,2.4270097035224203,53.443223443223445,6819.317032754421
