model_name,training_time,status,error,mae,rmse,mape,smape
AutoARIMA,8831.914679765701,success,,5219.799467190117,11455.016686309798,7.773380950669516,7.55879151333006
AutoETS,8831.914679765701,success,,3373.5612394727414,4842.249686775122,5.349902677351036,5.37331237284239
AutoTheta,8831.914679765701,success,,4023.0476478481173,5683.712181073592,6.567284496515901,6.421812007684507
