model_name,training_time,status,error,mae,rmse,mape,smape
AutoBiTCN,3476.977576136589,success,,4428.885286696428,6059.97777850915,7.065422511371805,7.0995979469564565
AutoNBEATSx,3476.977576136589,success,,3670.4264229315477,5046.158731667935,5.962270690832402,6.044604513698377
AutoTSMixerx,3476.977576136589,success,,4926.7064735,6811.748916014909,7.976414137275786,7.921324166193197
AutoiTransformer,3476.977576136589,success,,3564.927101940476,5038.087816786311,5.711701676771827,5.751367068261141
