model_name,mae,rmse,mape,smape,da,theil_u
AutoNBEATSx,7068.257188546774,9825.251512515186,12.434421191600302,12.297061480568686,47.7326968973747,5.727481577527446
AutoTSMixerx,3661.8096055193664,5216.421758394289,5.911591886234796,5.856616866219714,51.07398568019092,3.040834067581885
AutoiTransformer,3719.3429001355667,5296.632762713243,5.92024348905534,5.843090405771437,52.50596658711218,3.0875918578498083
AutoBiTCN,3568.8124794004766,5221.49424000642,5.640558672890593,5.704277068213259,52.98329355608592,3.043790993921004
