model_name,training_time,status,error,mae,rmse,mape,smape
TCN,5693.582150906325,success,,3829.5023269201847,6178.098154878209,5.946330612204363,5.987335398309722
TSMixerx,3795.721433937550,success,,3975.373647522467,5843.715600108476,6.399040163262057,6.345094542568027
iTransformer,9489.303584843875,success,,4021.546809746348,5730.781217996897,6.442529300350927,6.314443764049306
TFT,16434.299809217453,success,,4430.774857694079,6688.343905201797,7.009480540595489,6.935957941821511
SARIMAX,16366.36087861061,success,,4731.129353812356,7474.327890560789,7.028325923943384,7.001272477725371
ETS,4091.5902196526525,success,,3373.5612394727414,4842.249686775122,5.349902677351036,5.37331237284239
Theta,6819.317032754421,success,,4023.047647848117,5683.712181073592,6.567284496515901,6.421812007684507
