model_name,mae,rmse,mape,smape,da,theil_u,training_time,status,error
AutoNBEATSx,7068.257188546774,9825.251512515186,12.434421191600302,12.297061480568686,47.7326968973747,5.727481577527446,,,
AutoTSMixerx,3661.8096055193664,5216.421758394289,5.911591886234796,5.856616866219714,51.07398568019092,3.040834067581885,,,
AutoiTransformer,3719.342900135567,5296.632762713243,5.92024348905534,5.843090405771437,52.50596658711218,3.0875918578498083,,,
AutoBiTCN,3568.8124794004766,5221.49424000642,5.640558672890593,5.704277068213259,52.98329355608592,3.043790993921004,,,
AutoARIMA,5219.799467190117,11455.016686309798,7.773380950669516,7.55879151333006,,,8831.914679765701,success,
AutoETS,3373.5612394727414,4842.249686775122,5.349902677351036,5.37331237284239,,,8831.914679765701,success,
AutoTheta,4023.047647848117,5683.712181073592,6.567284496515901,6.421812007684507,,,8831.914679765701,success,
