model_name,training_time,status,error,mae,rmse,mape,smape
AutoNBEATSx,5599.8207196593285,success,,4021.248047,5702.2056247029695,6.482292801321223,6.5832623467308
AutoTFT,5599.8207196593285,success,,4749.468350300595,6390.330621448279,7.584291018488496,7.650466460438452
AutoTSMixerx,5599.8207196593285,success,,5420.147209982143,7722.883055736704,8.86437276408449,8.923353019536401
AutoiTransformer,5599.8207196593285,success,,3605.12838522619,5172.229644923302,5.6772610624601105,5.742277977711844
AutoBiTCN,5892.321317076683,success,,4224.83646741369,5752.539889679604,6.737698329545017,6.778630292837421
AutoKAN,5892.321317076683,success,,4512.2040275803565,5883.654758660702,7.552498780362464,7.700874040841454