model_name,training_time,status,error,mae,rmse,mape,smape
AutoBiTCN,3476.977576136589,success,,4428.885286696428,6059.97777850915,7.065422511371805,7.0995979469564565
AutoNBEATSx,3476.977576136589,success,,3670.426422931548,5046.158731667935,5.962270690832402,6.044604513698377
AutoTSMixerx,3476.977576136589,success,,4926.7064735,6811.748916014909,7.976414137275786,7.921324166193197
AutoiTransformer,3476.977576136589,success,,3564.927101940476,5038.087816786311,5.711701676771827,5.751367068261141
AutoARIMA,5962.788981755574,success,,5189.533855291732,6547.215329442384,8.50600402655798,8.465289388431662
AutoETS,5962.788981755574,success,,3364.470989871932,4919.318986992224,5.288328025879504,5.369985855249246
AutoTheta,5962.788981755574,success,,3371.245379149116,4931.798485618382,5.29782935434915,5.383430471919454
