model_name,mae,rmse,mase,da,theil_u,training_time
TFT,4430.774857694078,6688.343905201797,2.6729819070123724,50.59665871121718,3.9034964307391022,16434.299809217453
TSMixerx,3975.3736475224664,5843.715600108476,2.3982491042145866,52.74463007159904,3.4105407736266207,3795.72143393755
iTransformer,4021.546809746348,5730.781217996897,2.426104283314843,50.83532219570406,3.344652107317645,9489.303584843876
TCN,3829.5023269201847,6178.098154878209,2.3102483790040025,54.653937947494036,3.6056898012635,5693.582150906325
SARIMAX,4731.1293538123555,7474.327890560789,2.8541786862664194,64.20047732696898,4.362222713156292,16366.36087861061
ETS,3373.5612394727405,4842.249686775122,2.035189880986609,52.50596658711218,2.8260385725211123,4091.5902196526526
Theta,4023.0476478481164,5683.71218107359,2.4270097035224203,53.46062052505967,3.317185284289687,6819.317032754421
