model_name,training_time,status,error,mae,rmse,mape,smape
AutoARIMA,5962.788981755574,success,,5189.533855291732,6547.215329442384,8.50600402655798,8.465289388431662
AutoETS,5962.788981755574,success,,3364.4709898719316,4919.318986992224,5.288328025879504,5.369985855249246
AutoTheta,5962.788981755574,success,,3371.245379149116,4931.798485618382,5.29782935434915,5.383430471919454
