model_name,mae,rmse,rmse_mae_ratio,mase,da
TFT,21527.02613102778,25645.209615007214,1.191302944443577,13.612635625971892,46.666666666666664
TCN,24988.00434277778,29567.49696911169,1.18326764168574,15.801188518471735,47.77777777777778
Naive,1581.379991222222,2222.688445248068,1.4055372254521759,0.999987154550965,0.0
