model_name,training_time,evaluation_method,status,mae,mase,rmse,da,theil_u
TFT,0.01638960838317871,direct_forecast,success,21527.02613102778,12.897900576801417,25645.209615007214,46.06741573033708,11.538130212136926
BiTCN,0.018167972564697266,direct_forecast,success,24988.00434277778,14.971542918382772,29567.49696911169,47.19101123595505,13.302821540747752
Naive,0.01571488380432129,direct_forecast,success,1581.379991222222,0.9474825633963921,2222.688445248068,0.0,1.0
